ISO-10303-21;
HEADER;
/* Generated by software containing ST-Developer
 * from STEP Tools, Inc. (www.steptools.com) 
 */

FILE_DESCRIPTION(
/* description */ (''),
/* implementation_level */ '2;1');

FILE_NAME(
/* name */ 'switchplate.step',
/* time_stamp */ '2026-09-25T20:25:42+03:00',
/* author */ (''),
/* organization */ (''),
/* preprocessor_version */ 'ST-DEVELOPER v20.2',
/* originating_system */ 'Autodesk Translation Framework v15.15.0.0',
/* authorisation */ '');

FILE_SCHEMA (('AUTOMOTIVE_DESIGN { 1 0 10303 214 3 1 1 }'));
ENDSEC;

DATA;
#10=MECHANICAL_DESIGN_GEOMETRIC_PRESENTATION_REPRESENTATION('',(#13),#3191);
#11=SHAPE_REPRESENTATION_RELATIONSHIP('SRR','None',#3198,#12);
#12=ADVANCED_BREP_SHAPE_REPRESENTATION('',(#14),#3190);
#13=STYLED_ITEM('',(#3207),#14);
#14=MANIFOLD_SOLID_BREP('switch plate',#1911);
#15=FACE_BOUND('',#208,.T.);
#16=FACE_BOUND('',#209,.T.);
#17=FACE_BOUND('',#210,.T.);
#18=FACE_BOUND('',#211,.T.);
#19=FACE_BOUND('',#212,.T.);
#20=FACE_BOUND('',#213,.T.);
#21=FACE_BOUND('',#214,.T.);
#22=FACE_BOUND('',#215,.T.);
#23=FACE_BOUND('',#216,.T.);
#24=FACE_BOUND('',#217,.T.);
#25=FACE_BOUND('',#218,.T.);
#26=FACE_BOUND('',#219,.T.);
#27=FACE_BOUND('',#220,.T.);
#28=FACE_BOUND('',#221,.T.);
#29=FACE_BOUND('',#222,.T.);
#30=FACE_BOUND('',#302,.T.);
#31=FACE_BOUND('',#303,.T.);
#32=FACE_BOUND('',#304,.T.);
#33=FACE_BOUND('',#305,.T.);
#34=FACE_BOUND('',#306,.T.);
#35=FACE_BOUND('',#307,.T.);
#36=FACE_BOUND('',#308,.T.);
#37=FACE_BOUND('',#309,.T.);
#38=FACE_BOUND('',#310,.T.);
#39=FACE_BOUND('',#311,.T.);
#40=FACE_BOUND('',#312,.T.);
#41=FACE_BOUND('',#313,.T.);
#42=FACE_BOUND('',#314,.T.);
#43=FACE_BOUND('',#315,.T.);
#44=FACE_BOUND('',#316,.T.);
#45=PLANE('',#1937);
#46=PLANE('',#1938);
#47=PLANE('',#1939);
#48=PLANE('',#1940);
#49=PLANE('',#1941);
#50=PLANE('',#1942);
#51=PLANE('',#1943);
#52=PLANE('',#1944);
#53=PLANE('',#1945);
#54=PLANE('',#1946);
#55=PLANE('',#1947);
#56=PLANE('',#1984);
#57=PLANE('',#1985);
#58=PLANE('',#1986);
#59=PLANE('',#1989);
#60=PLANE('',#1992);
#61=PLANE('',#1995);
#62=PLANE('',#1998);
#63=PLANE('',#2001);
#64=PLANE('',#2004);
#65=PLANE('',#2007);
#66=PLANE('',#2010);
#67=PLANE('',#2013);
#68=PLANE('',#2016);
#69=PLANE('',#2019);
#70=PLANE('',#2022);
#71=PLANE('',#2025);
#72=PLANE('',#2028);
#73=PLANE('',#2031);
#74=PLANE('',#2034);
#75=PLANE('',#2037);
#76=PLANE('',#2040);
#77=PLANE('',#2043);
#78=PLANE('',#2046);
#79=PLANE('',#2049);
#80=PLANE('',#2052);
#81=PLANE('',#2055);
#82=PLANE('',#2058);
#83=PLANE('',#2061);
#84=PLANE('',#2064);
#85=PLANE('',#2067);
#86=PLANE('',#2070);
#87=PLANE('',#2073);
#88=PLANE('',#2076);
#89=PLANE('',#2079);
#90=PLANE('',#2082);
#91=PLANE('',#2085);
#92=PLANE('',#2088);
#93=PLANE('',#2091);
#94=PLANE('',#2094);
#95=PLANE('',#2095);
#96=PLANE('',#2096);
#97=PLANE('',#2097);
#98=PLANE('',#2098);
#99=FACE_OUTER_BOUND('',#193,.T.);
#100=FACE_OUTER_BOUND('',#194,.T.);
#101=FACE_OUTER_BOUND('',#195,.T.);
#102=FACE_OUTER_BOUND('',#196,.T.);
#103=FACE_OUTER_BOUND('',#197,.T.);
#104=FACE_OUTER_BOUND('',#198,.T.);
#105=FACE_OUTER_BOUND('',#199,.T.);
#106=FACE_OUTER_BOUND('',#200,.T.);
#107=FACE_OUTER_BOUND('',#201,.T.);
#108=FACE_OUTER_BOUND('',#202,.T.);
#109=FACE_OUTER_BOUND('',#203,.T.);
#110=FACE_OUTER_BOUND('',#204,.T.);
#111=FACE_OUTER_BOUND('',#205,.T.);
#112=FACE_OUTER_BOUND('',#206,.T.);
#113=FACE_OUTER_BOUND('',#207,.T.);
#114=FACE_OUTER_BOUND('',#223,.T.);
#115=FACE_OUTER_BOUND('',#224,.T.);
#116=FACE_OUTER_BOUND('',#225,.T.);
#117=FACE_OUTER_BOUND('',#226,.T.);
#118=FACE_OUTER_BOUND('',#227,.T.);
#119=FACE_OUTER_BOUND('',#228,.T.);
#120=FACE_OUTER_BOUND('',#229,.T.);
#121=FACE_OUTER_BOUND('',#230,.T.);
#122=FACE_OUTER_BOUND('',#231,.T.);
#123=FACE_OUTER_BOUND('',#232,.T.);
#124=FACE_OUTER_BOUND('',#233,.T.);
#125=FACE_OUTER_BOUND('',#234,.T.);
#126=FACE_OUTER_BOUND('',#235,.T.);
#127=FACE_OUTER_BOUND('',#236,.T.);
#128=FACE_OUTER_BOUND('',#237,.T.);
#129=FACE_OUTER_BOUND('',#238,.T.);
#130=FACE_OUTER_BOUND('',#239,.T.);
#131=FACE_OUTER_BOUND('',#240,.T.);
#132=FACE_OUTER_BOUND('',#241,.T.);
#133=FACE_OUTER_BOUND('',#242,.T.);
#134=FACE_OUTER_BOUND('',#243,.T.);
#135=FACE_OUTER_BOUND('',#244,.T.);
#136=FACE_OUTER_BOUND('',#245,.T.);
#137=FACE_OUTER_BOUND('',#246,.T.);
#138=FACE_OUTER_BOUND('',#247,.T.);
#139=FACE_OUTER_BOUND('',#248,.T.);
#140=FACE_OUTER_BOUND('',#249,.T.);
#141=FACE_OUTER_BOUND('',#250,.T.);
#142=FACE_OUTER_BOUND('',#251,.T.);
#143=FACE_OUTER_BOUND('',#252,.T.);
#144=FACE_OUTER_BOUND('',#253,.T.);
#145=FACE_OUTER_BOUND('',#254,.T.);
#146=FACE_OUTER_BOUND('',#255,.T.);
#147=FACE_OUTER_BOUND('',#256,.T.);
#148=FACE_OUTER_BOUND('',#257,.T.);
#149=FACE_OUTER_BOUND('',#258,.T.);
#150=FACE_OUTER_BOUND('',#259,.T.);
#151=FACE_OUTER_BOUND('',#260,.T.);
#152=FACE_OUTER_BOUND('',#261,.T.);
#153=FACE_OUTER_BOUND('',#262,.T.);
#154=FACE_OUTER_BOUND('',#263,.T.);
#155=FACE_OUTER_BOUND('',#264,.T.);
#156=FACE_OUTER_BOUND('',#265,.T.);
#157=FACE_OUTER_BOUND('',#266,.T.);
#158=FACE_OUTER_BOUND('',#267,.T.);
#159=FACE_OUTER_BOUND('',#268,.T.);
#160=FACE_OUTER_BOUND('',#269,.T.);
#161=FACE_OUTER_BOUND('',#270,.T.);
#162=FACE_OUTER_BOUND('',#271,.T.);
#163=FACE_OUTER_BOUND('',#272,.T.);
#164=FACE_OUTER_BOUND('',#273,.T.);
#165=FACE_OUTER_BOUND('',#274,.T.);
#166=FACE_OUTER_BOUND('',#275,.T.);
#167=FACE_OUTER_BOUND('',#276,.T.);
#168=FACE_OUTER_BOUND('',#277,.T.);
#169=FACE_OUTER_BOUND('',#278,.T.);
#170=FACE_OUTER_BOUND('',#279,.T.);
#171=FACE_OUTER_BOUND('',#280,.T.);
#172=FACE_OUTER_BOUND('',#281,.T.);
#173=FACE_OUTER_BOUND('',#282,.T.);
#174=FACE_OUTER_BOUND('',#283,.T.);
#175=FACE_OUTER_BOUND('',#284,.T.);
#176=FACE_OUTER_BOUND('',#285,.T.);
#177=FACE_OUTER_BOUND('',#286,.T.);
#178=FACE_OUTER_BOUND('',#287,.T.);
#179=FACE_OUTER_BOUND('',#288,.T.);
#180=FACE_OUTER_BOUND('',#289,.T.);
#181=FACE_OUTER_BOUND('',#290,.T.);
#182=FACE_OUTER_BOUND('',#291,.T.);
#183=FACE_OUTER_BOUND('',#292,.T.);
#184=FACE_OUTER_BOUND('',#293,.T.);
#185=FACE_OUTER_BOUND('',#294,.T.);
#186=FACE_OUTER_BOUND('',#295,.T.);
#187=FACE_OUTER_BOUND('',#296,.T.);
#188=FACE_OUTER_BOUND('',#297,.T.);
#189=FACE_OUTER_BOUND('',#298,.T.);
#190=FACE_OUTER_BOUND('',#299,.T.);
#191=FACE_OUTER_BOUND('',#300,.T.);
#192=FACE_OUTER_BOUND('',#301,.T.);
#193=EDGE_LOOP('',(#1233,#1234,#1235,#1236));
#194=EDGE_LOOP('',(#1237,#1238,#1239,#1240));
#195=EDGE_LOOP('',(#1241,#1242,#1243,#1244));
#196=EDGE_LOOP('',(#1245,#1246,#1247,#1248));
#197=EDGE_LOOP('',(#1249,#1250,#1251,#1252));
#198=EDGE_LOOP('',(#1253,#1254,#1255,#1256));
#199=EDGE_LOOP('',(#1257,#1258,#1259,#1260));
#200=EDGE_LOOP('',(#1261,#1262,#1263,#1264));
#201=EDGE_LOOP('',(#1265,#1266,#1267,#1268));
#202=EDGE_LOOP('',(#1269,#1270,#1271,#1272));
#203=EDGE_LOOP('',(#1273,#1274,#1275,#1276));
#204=EDGE_LOOP('',(#1277,#1278,#1279,#1280));
#205=EDGE_LOOP('',(#1281,#1282,#1283,#1284));
#206=EDGE_LOOP('',(#1285,#1286,#1287,#1288));
#207=EDGE_LOOP('',(#1289,#1290,#1291,#1292));
#208=EDGE_LOOP('',(#1293,#1294,#1295,#1296));
#209=EDGE_LOOP('',(#1297,#1298,#1299,#1300,#1301,#1302,#1303,#1304));
#210=EDGE_LOOP('',(#1305,#1306,#1307,#1308,#1309,#1310,#1311,#1312));
#211=EDGE_LOOP('',(#1313,#1314,#1315,#1316,#1317,#1318,#1319,#1320));
#212=EDGE_LOOP('',(#1321,#1322,#1323,#1324,#1325,#1326,#1327,#1328));
#213=EDGE_LOOP('',(#1329,#1330,#1331,#1332,#1333,#1334,#1335,#1336));
#214=EDGE_LOOP('',(#1337,#1338,#1339,#1340,#1341,#1342,#1343,#1344));
#215=EDGE_LOOP('',(#1345,#1346,#1347,#1348,#1349,#1350,#1351,#1352));
#216=EDGE_LOOP('',(#1353,#1354,#1355,#1356,#1357,#1358,#1359,#1360));
#217=EDGE_LOOP('',(#1361,#1362,#1363,#1364,#1365,#1366,#1367,#1368));
#218=EDGE_LOOP('',(#1369,#1370,#1371,#1372));
#219=EDGE_LOOP('',(#1373));
#220=EDGE_LOOP('',(#1374));
#221=EDGE_LOOP('',(#1375));
#222=EDGE_LOOP('',(#1376));
#223=EDGE_LOOP('',(#1377,#1378,#1379,#1380));
#224=EDGE_LOOP('',(#1381,#1382,#1383,#1384));
#225=EDGE_LOOP('',(#1385,#1386,#1387,#1388));
#226=EDGE_LOOP('',(#1389,#1390,#1391,#1392));
#227=EDGE_LOOP('',(#1393,#1394,#1395,#1396));
#228=EDGE_LOOP('',(#1397,#1398,#1399,#1400));
#229=EDGE_LOOP('',(#1401,#1402,#1403,#1404));
#230=EDGE_LOOP('',(#1405,#1406,#1407,#1408));
#231=EDGE_LOOP('',(#1409,#1410,#1411,#1412));
#232=EDGE_LOOP('',(#1413,#1414,#1415,#1416));
#233=EDGE_LOOP('',(#1417,#1418,#1419,#1420));
#234=EDGE_LOOP('',(#1421,#1422,#1423,#1424));
#235=EDGE_LOOP('',(#1425,#1426,#1427,#1428));
#236=EDGE_LOOP('',(#1429,#1430,#1431,#1432));
#237=EDGE_LOOP('',(#1433,#1434,#1435,#1436));
#238=EDGE_LOOP('',(#1437,#1438,#1439,#1440));
#239=EDGE_LOOP('',(#1441,#1442,#1443,#1444));
#240=EDGE_LOOP('',(#1445,#1446,#1447,#1448));
#241=EDGE_LOOP('',(#1449,#1450,#1451,#1452));
#242=EDGE_LOOP('',(#1453,#1454,#1455,#1456));
#243=EDGE_LOOP('',(#1457,#1458,#1459,#1460));
#244=EDGE_LOOP('',(#1461,#1462,#1463,#1464));
#245=EDGE_LOOP('',(#1465,#1466,#1467,#1468));
#246=EDGE_LOOP('',(#1469,#1470,#1471,#1472));
#247=EDGE_LOOP('',(#1473,#1474,#1475,#1476));
#248=EDGE_LOOP('',(#1477,#1478,#1479,#1480));
#249=EDGE_LOOP('',(#1481,#1482,#1483,#1484));
#250=EDGE_LOOP('',(#1485,#1486,#1487,#1488));
#251=EDGE_LOOP('',(#1489,#1490,#1491,#1492));
#252=EDGE_LOOP('',(#1493,#1494,#1495,#1496));
#253=EDGE_LOOP('',(#1497,#1498,#1499,#1500));
#254=EDGE_LOOP('',(#1501,#1502,#1503,#1504));
#255=EDGE_LOOP('',(#1505,#1506,#1507,#1508));
#256=EDGE_LOOP('',(#1509,#1510,#1511,#1512));
#257=EDGE_LOOP('',(#1513,#1514,#1515,#1516));
#258=EDGE_LOOP('',(#1517,#1518,#1519,#1520));
#259=EDGE_LOOP('',(#1521,#1522,#1523,#1524));
#260=EDGE_LOOP('',(#1525,#1526,#1527,#1528));
#261=EDGE_LOOP('',(#1529,#1530,#1531,#1532));
#262=EDGE_LOOP('',(#1533,#1534,#1535,#1536));
#263=EDGE_LOOP('',(#1537,#1538,#1539,#1540));
#264=EDGE_LOOP('',(#1541,#1542,#1543,#1544));
#265=EDGE_LOOP('',(#1545,#1546,#1547,#1548));
#266=EDGE_LOOP('',(#1549,#1550,#1551,#1552));
#267=EDGE_LOOP('',(#1553,#1554,#1555,#1556));
#268=EDGE_LOOP('',(#1557,#1558,#1559,#1560));
#269=EDGE_LOOP('',(#1561,#1562,#1563,#1564));
#270=EDGE_LOOP('',(#1565,#1566,#1567,#1568));
#271=EDGE_LOOP('',(#1569,#1570,#1571,#1572));
#272=EDGE_LOOP('',(#1573,#1574,#1575,#1576));
#273=EDGE_LOOP('',(#1577,#1578,#1579,#1580));
#274=EDGE_LOOP('',(#1581,#1582,#1583,#1584));
#275=EDGE_LOOP('',(#1585,#1586,#1587,#1588));
#276=EDGE_LOOP('',(#1589,#1590,#1591,#1592));
#277=EDGE_LOOP('',(#1593,#1594,#1595,#1596));
#278=EDGE_LOOP('',(#1597,#1598,#1599,#1600));
#279=EDGE_LOOP('',(#1601,#1602,#1603,#1604));
#280=EDGE_LOOP('',(#1605,#1606,#1607,#1608));
#281=EDGE_LOOP('',(#1609,#1610,#1611,#1612));
#282=EDGE_LOOP('',(#1613,#1614,#1615,#1616));
#283=EDGE_LOOP('',(#1617,#1618,#1619,#1620));
#284=EDGE_LOOP('',(#1621,#1622,#1623,#1624));
#285=EDGE_LOOP('',(#1625,#1626,#1627,#1628));
#286=EDGE_LOOP('',(#1629,#1630,#1631,#1632));
#287=EDGE_LOOP('',(#1633,#1634,#1635,#1636));
#288=EDGE_LOOP('',(#1637,#1638,#1639,#1640));
#289=EDGE_LOOP('',(#1641,#1642,#1643,#1644));
#290=EDGE_LOOP('',(#1645,#1646,#1647,#1648));
#291=EDGE_LOOP('',(#1649,#1650,#1651,#1652));
#292=EDGE_LOOP('',(#1653,#1654,#1655,#1656));
#293=EDGE_LOOP('',(#1657,#1658,#1659,#1660));
#294=EDGE_LOOP('',(#1661,#1662,#1663,#1664));
#295=EDGE_LOOP('',(#1665,#1666,#1667,#1668));
#296=EDGE_LOOP('',(#1669,#1670,#1671,#1672));
#297=EDGE_LOOP('',(#1673,#1674,#1675,#1676));
#298=EDGE_LOOP('',(#1677,#1678,#1679,#1680));
#299=EDGE_LOOP('',(#1681,#1682,#1683,#1684));
#300=EDGE_LOOP('',(#1685,#1686,#1687,#1688));
#301=EDGE_LOOP('',(#1689,#1690,#1691,#1692));
#302=EDGE_LOOP('',(#1693,#1694,#1695,#1696));
#303=EDGE_LOOP('',(#1697,#1698,#1699,#1700,#1701,#1702,#1703,#1704));
#304=EDGE_LOOP('',(#1705,#1706,#1707,#1708,#1709,#1710,#1711,#1712));
#305=EDGE_LOOP('',(#1713,#1714,#1715,#1716,#1717,#1718,#1719,#1720));
#306=EDGE_LOOP('',(#1721,#1722,#1723,#1724,#1725,#1726,#1727,#1728));
#307=EDGE_LOOP('',(#1729,#1730,#1731,#1732,#1733,#1734,#1735,#1736));
#308=EDGE_LOOP('',(#1737,#1738,#1739,#1740,#1741,#1742,#1743,#1744));
#309=EDGE_LOOP('',(#1745,#1746,#1747,#1748,#1749,#1750,#1751,#1752));
#310=EDGE_LOOP('',(#1753,#1754,#1755,#1756,#1757,#1758,#1759,#1760));
#311=EDGE_LOOP('',(#1761,#1762,#1763,#1764,#1765,#1766,#1767,#1768));
#312=EDGE_LOOP('',(#1769,#1770,#1771,#1772));
#313=EDGE_LOOP('',(#1773));
#314=EDGE_LOOP('',(#1774));
#315=EDGE_LOOP('',(#1775));
#316=EDGE_LOOP('',(#1776));
#317=LINE('',#2646,#509);
#318=LINE('',#2652,#510);
#319=LINE('',#2658,#511);
#320=LINE('',#2664,#512);
#321=LINE('',#2669,#513);
#322=LINE('',#2671,#514);
#323=LINE('',#2673,#515);
#324=LINE('',#2674,#516);
#325=LINE('',#2677,#517);
#326=LINE('',#2679,#518);
#327=LINE('',#2680,#519);
#328=LINE('',#2683,#520);
#329=LINE('',#2685,#521);
#330=LINE('',#2686,#522);
#331=LINE('',#2688,#523);
#332=LINE('',#2689,#524);
#333=LINE('',#2693,#525);
#334=LINE('',#2695,#526);
#335=LINE('',#2697,#527);
#336=LINE('',#2698,#528);
#337=LINE('',#2701,#529);
#338=LINE('',#2703,#530);
#339=LINE('',#2704,#531);
#340=LINE('',#2707,#532);
#341=LINE('',#2709,#533);
#342=LINE('',#2710,#534);
#343=LINE('',#2712,#535);
#344=LINE('',#2713,#536);
#345=LINE('',#2716,#537);
#346=LINE('',#2718,#538);
#347=LINE('',#2719,#539);
#348=LINE('',#2722,#540);
#349=LINE('',#2723,#541);
#350=LINE('',#2727,#542);
#351=LINE('',#2729,#543);
#352=LINE('',#2731,#544);
#353=LINE('',#2732,#545);
#354=LINE('',#2737,#546);
#355=LINE('',#2741,#547);
#356=LINE('',#2745,#548);
#357=LINE('',#2748,#549);
#358=LINE('',#2753,#550);
#359=LINE('',#2757,#551);
#360=LINE('',#2761,#552);
#361=LINE('',#2764,#553);
#362=LINE('',#2769,#554);
#363=LINE('',#2773,#555);
#364=LINE('',#2777,#556);
#365=LINE('',#2780,#557);
#366=LINE('',#2785,#558);
#367=LINE('',#2789,#559);
#368=LINE('',#2793,#560);
#369=LINE('',#2796,#561);
#370=LINE('',#2801,#562);
#371=LINE('',#2805,#563);
#372=LINE('',#2809,#564);
#373=LINE('',#2812,#565);
#374=LINE('',#2817,#566);
#375=LINE('',#2821,#567);
#376=LINE('',#2825,#568);
#377=LINE('',#2828,#569);
#378=LINE('',#2833,#570);
#379=LINE('',#2837,#571);
#380=LINE('',#2841,#572);
#381=LINE('',#2844,#573);
#382=LINE('',#2849,#574);
#383=LINE('',#2853,#575);
#384=LINE('',#2857,#576);
#385=LINE('',#2860,#577);
#386=LINE('',#2865,#578);
#387=LINE('',#2869,#579);
#388=LINE('',#2873,#580);
#389=LINE('',#2876,#581);
#390=LINE('',#2879,#582);
#391=LINE('',#2880,#583);
#392=LINE('',#2882,#584);
#393=LINE('',#2886,#585);
#394=LINE('',#2887,#586);
#395=LINE('',#2888,#587);
#396=LINE('',#2892,#588);
#397=LINE('',#2895,#589);
#398=LINE('',#2896,#590);
#399=LINE('',#2900,#591);
#400=LINE('',#2903,#592);
#401=LINE('',#2904,#593);
#402=LINE('',#2908,#594);
#403=LINE('',#2911,#595);
#404=LINE('',#2912,#596);
#405=LINE('',#2918,#597);
#406=LINE('',#2919,#598);
#407=LINE('',#2920,#599);
#408=LINE('',#2924,#600);
#409=LINE('',#2927,#601);
#410=LINE('',#2928,#602);
#411=LINE('',#2932,#603);
#412=LINE('',#2935,#604);
#413=LINE('',#2936,#605);
#414=LINE('',#2940,#606);
#415=LINE('',#2943,#607);
#416=LINE('',#2944,#608);
#417=LINE('',#2950,#609);
#418=LINE('',#2951,#610);
#419=LINE('',#2952,#611);
#420=LINE('',#2956,#612);
#421=LINE('',#2959,#613);
#422=LINE('',#2960,#614);
#423=LINE('',#2964,#615);
#424=LINE('',#2967,#616);
#425=LINE('',#2968,#617);
#426=LINE('',#2972,#618);
#427=LINE('',#2975,#619);
#428=LINE('',#2976,#620);
#429=LINE('',#2982,#621);
#430=LINE('',#2983,#622);
#431=LINE('',#2984,#623);
#432=LINE('',#2988,#624);
#433=LINE('',#2991,#625);
#434=LINE('',#2992,#626);
#435=LINE('',#2996,#627);
#436=LINE('',#2999,#628);
#437=LINE('',#3000,#629);
#438=LINE('',#3004,#630);
#439=LINE('',#3007,#631);
#440=LINE('',#3008,#632);
#441=LINE('',#3014,#633);
#442=LINE('',#3015,#634);
#443=LINE('',#3016,#635);
#444=LINE('',#3020,#636);
#445=LINE('',#3023,#637);
#446=LINE('',#3024,#638);
#447=LINE('',#3028,#639);
#448=LINE('',#3031,#640);
#449=LINE('',#3032,#641);
#450=LINE('',#3036,#642);
#451=LINE('',#3039,#643);
#452=LINE('',#3040,#644);
#453=LINE('',#3046,#645);
#454=LINE('',#3047,#646);
#455=LINE('',#3048,#647);
#456=LINE('',#3052,#648);
#457=LINE('',#3055,#649);
#458=LINE('',#3056,#650);
#459=LINE('',#3060,#651);
#460=LINE('',#3063,#652);
#461=LINE('',#3064,#653);
#462=LINE('',#3068,#654);
#463=LINE('',#3071,#655);
#464=LINE('',#3072,#656);
#465=LINE('',#3078,#657);
#466=LINE('',#3079,#658);
#467=LINE('',#3080,#659);
#468=LINE('',#3084,#660);
#469=LINE('',#3087,#661);
#470=LINE('',#3088,#662);
#471=LINE('',#3092,#663);
#472=LINE('',#3095,#664);
#473=LINE('',#3096,#665);
#474=LINE('',#3100,#666);
#475=LINE('',#3103,#667);
#476=LINE('',#3104,#668);
#477=LINE('',#3110,#669);
#478=LINE('',#3111,#670);
#479=LINE('',#3112,#671);
#480=LINE('',#3116,#672);
#481=LINE('',#3119,#673);
#482=LINE('',#3120,#674);
#483=LINE('',#3124,#675);
#484=LINE('',#3127,#676);
#485=LINE('',#3128,#677);
#486=LINE('',#3132,#678);
#487=LINE('',#3135,#679);
#488=LINE('',#3136,#680);
#489=LINE('',#3142,#681);
#490=LINE('',#3143,#682);
#491=LINE('',#3144,#683);
#492=LINE('',#3148,#684);
#493=LINE('',#3151,#685);
#494=LINE('',#3152,#686);
#495=LINE('',#3156,#687);
#496=LINE('',#3159,#688);
#497=LINE('',#3160,#689);
#498=LINE('',#3164,#690);
#499=LINE('',#3167,#691);
#500=LINE('',#3168,#692);
#501=LINE('',#3174,#693);
#502=LINE('',#3175,#694);
#503=LINE('',#3176,#695);
#504=LINE('',#3179,#696);
#505=LINE('',#3180,#697);
#506=LINE('',#3183,#698);
#507=LINE('',#3184,#699);
#508=LINE('',#3186,#700);
#509=VECTOR('',#2105,1.7);
#510=VECTOR('',#2112,1.7);
#511=VECTOR('',#2119,1.7);
#512=VECTOR('',#2126,1.7);
#513=VECTOR('',#2131,10.);
#514=VECTOR('',#2132,10.);
#515=VECTOR('',#2133,10.);
#516=VECTOR('',#2134,10.);
#517=VECTOR('',#2137,10.);
#518=VECTOR('',#2138,10.);
#519=VECTOR('',#2139,10.);
#520=VECTOR('',#2142,10.);
#521=VECTOR('',#2143,10.);
#522=VECTOR('',#2144,10.);
#523=VECTOR('',#2147,10.);
#524=VECTOR('',#2148,10.);
#525=VECTOR('',#2151,10.);
#526=VECTOR('',#2152,10.);
#527=VECTOR('',#2153,10.);
#528=VECTOR('',#2154,10.);
#529=VECTOR('',#2157,10.);
#530=VECTOR('',#2158,10.);
#531=VECTOR('',#2159,10.);
#532=VECTOR('',#2162,10.);
#533=VECTOR('',#2163,10.);
#534=VECTOR('',#2164,10.);
#535=VECTOR('',#2167,10.);
#536=VECTOR('',#2168,10.);
#537=VECTOR('',#2171,10.);
#538=VECTOR('',#2172,10.);
#539=VECTOR('',#2173,10.);
#540=VECTOR('',#2176,10.);
#541=VECTOR('',#2177,10.);
#542=VECTOR('',#2180,10.);
#543=VECTOR('',#2181,10.);
#544=VECTOR('',#2182,10.);
#545=VECTOR('',#2183,10.);
#546=VECTOR('',#2186,10.);
#547=VECTOR('',#2189,10.);
#548=VECTOR('',#2192,10.);
#549=VECTOR('',#2195,10.);
#550=VECTOR('',#2198,10.);
#551=VECTOR('',#2201,10.);
#552=VECTOR('',#2204,10.);
#553=VECTOR('',#2207,10.);
#554=VECTOR('',#2210,10.);
#555=VECTOR('',#2213,10.);
#556=VECTOR('',#2216,10.);
#557=VECTOR('',#2219,10.);
#558=VECTOR('',#2222,10.);
#559=VECTOR('',#2225,10.);
#560=VECTOR('',#2228,10.);
#561=VECTOR('',#2231,10.);
#562=VECTOR('',#2234,10.);
#563=VECTOR('',#2237,10.);
#564=VECTOR('',#2240,10.);
#565=VECTOR('',#2243,10.);
#566=VECTOR('',#2246,10.);
#567=VECTOR('',#2249,10.);
#568=VECTOR('',#2252,10.);
#569=VECTOR('',#2255,10.);
#570=VECTOR('',#2258,10.);
#571=VECTOR('',#2261,10.);
#572=VECTOR('',#2264,10.);
#573=VECTOR('',#2267,10.);
#574=VECTOR('',#2270,10.);
#575=VECTOR('',#2273,10.);
#576=VECTOR('',#2276,10.);
#577=VECTOR('',#2279,10.);
#578=VECTOR('',#2282,10.);
#579=VECTOR('',#2285,10.);
#580=VECTOR('',#2288,10.);
#581=VECTOR('',#2291,10.);
#582=VECTOR('',#2294,10.);
#583=VECTOR('',#2295,10.);
#584=VECTOR('',#2298,10.);
#585=VECTOR('',#2301,10.);
#586=VECTOR('',#2302,10.);
#587=VECTOR('',#2303,10.);
#588=VECTOR('',#2308,10.);
#589=VECTOR('',#2311,10.);
#590=VECTOR('',#2312,10.);
#591=VECTOR('',#2317,10.);
#592=VECTOR('',#2320,10.);
#593=VECTOR('',#2321,10.);
#594=VECTOR('',#2326,10.);
#595=VECTOR('',#2329,10.);
#596=VECTOR('',#2330,10.);
#597=VECTOR('',#2337,10.);
#598=VECTOR('',#2338,10.);
#599=VECTOR('',#2339,10.);
#600=VECTOR('',#2344,10.);
#601=VECTOR('',#2347,10.);
#602=VECTOR('',#2348,10.);
#603=VECTOR('',#2353,10.);
#604=VECTOR('',#2356,10.);
#605=VECTOR('',#2357,10.);
#606=VECTOR('',#2362,10.);
#607=VECTOR('',#2365,10.);
#608=VECTOR('',#2366,10.);
#609=VECTOR('',#2373,10.);
#610=VECTOR('',#2374,10.);
#611=VECTOR('',#2375,10.);
#612=VECTOR('',#2380,10.);
#613=VECTOR('',#2383,10.);
#614=VECTOR('',#2384,10.);
#615=VECTOR('',#2389,10.);
#616=VECTOR('',#2392,10.);
#617=VECTOR('',#2393,10.);
#618=VECTOR('',#2398,10.);
#619=VECTOR('',#2401,10.);
#620=VECTOR('',#2402,10.);
#621=VECTOR('',#2409,10.);
#622=VECTOR('',#2410,10.);
#623=VECTOR('',#2411,10.);
#624=VECTOR('',#2416,10.);
#625=VECTOR('',#2419,10.);
#626=VECTOR('',#2420,10.);
#627=VECTOR('',#2425,10.);
#628=VECTOR('',#2428,10.);
#629=VECTOR('',#2429,10.);
#630=VECTOR('',#2434,10.);
#631=VECTOR('',#2437,10.);
#632=VECTOR('',#2438,10.);
#633=VECTOR('',#2445,10.);
#634=VECTOR('',#2446,10.);
#635=VECTOR('',#2447,10.);
#636=VECTOR('',#2452,10.);
#637=VECTOR('',#2455,10.);
#638=VECTOR('',#2456,10.);
#639=VECTOR('',#2461,10.);
#640=VECTOR('',#2464,10.);
#641=VECTOR('',#2465,10.);
#642=VECTOR('',#2470,10.);
#643=VECTOR('',#2473,10.);
#644=VECTOR('',#2474,10.);
#645=VECTOR('',#2481,10.);
#646=VECTOR('',#2482,10.);
#647=VECTOR('',#2483,10.);
#648=VECTOR('',#2488,10.);
#649=VECTOR('',#2491,10.);
#650=VECTOR('',#2492,10.);
#651=VECTOR('',#2497,10.);
#652=VECTOR('',#2500,10.);
#653=VECTOR('',#2501,10.);
#654=VECTOR('',#2506,10.);
#655=VECTOR('',#2509,10.);
#656=VECTOR('',#2510,10.);
#657=VECTOR('',#2517,10.);
#658=VECTOR('',#2518,10.);
#659=VECTOR('',#2519,10.);
#660=VECTOR('',#2524,10.);
#661=VECTOR('',#2527,10.);
#662=VECTOR('',#2528,10.);
#663=VECTOR('',#2533,10.);
#664=VECTOR('',#2536,10.);
#665=VECTOR('',#2537,10.);
#666=VECTOR('',#2542,10.);
#667=VECTOR('',#2545,10.);
#668=VECTOR('',#2546,10.);
#669=VECTOR('',#2553,10.);
#670=VECTOR('',#2554,10.);
#671=VECTOR('',#2555,10.);
#672=VECTOR('',#2560,10.);
#673=VECTOR('',#2563,10.);
#674=VECTOR('',#2564,10.);
#675=VECTOR('',#2569,10.);
#676=VECTOR('',#2572,10.);
#677=VECTOR('',#2573,10.);
#678=VECTOR('',#2578,10.);
#679=VECTOR('',#2581,10.);
#680=VECTOR('',#2582,10.);
#681=VECTOR('',#2589,10.);
#682=VECTOR('',#2590,10.);
#683=VECTOR('',#2591,10.);
#684=VECTOR('',#2596,10.);
#685=VECTOR('',#2599,10.);
#686=VECTOR('',#2600,10.);
#687=VECTOR('',#2605,10.);
#688=VECTOR('',#2608,10.);
#689=VECTOR('',#2609,10.);
#690=VECTOR('',#2614,10.);
#691=VECTOR('',#2617,10.);
#692=VECTOR('',#2618,10.);
#693=VECTOR('',#2625,10.);
#694=VECTOR('',#2626,10.);
#695=VECTOR('',#2627,10.);
#696=VECTOR('',#2630,10.);
#697=VECTOR('',#2631,10.);
#698=VECTOR('',#2634,10.);
#699=VECTOR('',#2635,10.);
#700=VECTOR('',#2638,10.);
#701=CIRCLE('',#1926,1.7);
#702=CIRCLE('',#1927,1.7);
#703=CIRCLE('',#1929,1.7);
#704=CIRCLE('',#1930,1.7);
#705=CIRCLE('',#1932,1.7);
#706=CIRCLE('',#1933,1.7);
#707=CIRCLE('',#1935,1.7);
#708=CIRCLE('',#1936,1.7);
#709=CIRCLE('',#1948,0.499999999999989);
#710=CIRCLE('',#1949,0.499999999999998);
#711=CIRCLE('',#1950,0.500000000000003);
#712=CIRCLE('',#1951,0.5);
#713=CIRCLE('',#1952,0.499999999999998);
#714=CIRCLE('',#1953,0.499999999999998);
#715=CIRCLE('',#1954,0.499999999999998);
#716=CIRCLE('',#1955,0.499999999999998);
#717=CIRCLE('',#1956,0.499999999999998);
#718=CIRCLE('',#1957,0.499999999999998);
#719=CIRCLE('',#1958,0.499999999999998);
#720=CIRCLE('',#1959,0.5);
#721=CIRCLE('',#1960,0.499999999999989);
#722=CIRCLE('',#1961,0.500000000000007);
#723=CIRCLE('',#1962,0.500000000000003);
#724=CIRCLE('',#1963,0.499999999999998);
#725=CIRCLE('',#1964,0.499999999999998);
#726=CIRCLE('',#1965,0.499999999999998);
#727=CIRCLE('',#1966,0.499999999999998);
#728=CIRCLE('',#1967,0.499999999999998);
#729=CIRCLE('',#1968,0.499999999999998);
#730=CIRCLE('',#1969,0.500000000000007);
#731=CIRCLE('',#1970,0.499999999999998);
#732=CIRCLE('',#1971,0.499999999999998);
#733=CIRCLE('',#1972,0.499999999999998);
#734=CIRCLE('',#1973,0.499999999999998);
#735=CIRCLE('',#1974,0.499999999999998);
#736=CIRCLE('',#1975,0.5);
#737=CIRCLE('',#1976,0.499999999999998);
#738=CIRCLE('',#1977,0.500000000000003);
#739=CIRCLE('',#1978,0.499999999999998);
#740=CIRCLE('',#1979,0.499999999999989);
#741=CIRCLE('',#1980,0.499999999999998);
#742=CIRCLE('',#1981,0.500000000000007);
#743=CIRCLE('',#1982,0.499999999999998);
#744=CIRCLE('',#1983,0.499999999999998);
#745=CIRCLE('',#1988,0.499999999999998);
#746=CIRCLE('',#1991,0.499999999999998);
#747=CIRCLE('',#1994,0.500000000000007);
#748=CIRCLE('',#1997,0.499999999999998);
#749=CIRCLE('',#2000,0.499999999999989);
#750=CIRCLE('',#2003,0.499999999999998);
#751=CIRCLE('',#2006,0.500000000000003);
#752=CIRCLE('',#2009,0.499999999999998);
#753=CIRCLE('',#2012,0.5);
#754=CIRCLE('',#2015,0.499999999999998);
#755=CIRCLE('',#2018,0.499999999999998);
#756=CIRCLE('',#2021,0.499999999999998);
#757=CIRCLE('',#2024,0.499999999999998);
#758=CIRCLE('',#2027,0.499999999999998);
#759=CIRCLE('',#2030,0.500000000000007);
#760=CIRCLE('',#2033,0.499999999999998);
#761=CIRCLE('',#2036,0.499999999999998);
#762=CIRCLE('',#2039,0.499999999999998);
#763=CIRCLE('',#2042,0.499999999999998);
#764=CIRCLE('',#2045,0.499999999999998);
#765=CIRCLE('',#2048,0.499999999999998);
#766=CIRCLE('',#2051,0.500000000000003);
#767=CIRCLE('',#2054,0.500000000000007);
#768=CIRCLE('',#2057,0.499999999999989);
#769=CIRCLE('',#2060,0.5);
#770=CIRCLE('',#2063,0.499999999999998);
#771=CIRCLE('',#2066,0.499999999999998);
#772=CIRCLE('',#2069,0.499999999999998);
#773=CIRCLE('',#2072,0.499999999999998);
#774=CIRCLE('',#2075,0.499999999999998);
#775=CIRCLE('',#2078,0.499999999999998);
#776=CIRCLE('',#2081,0.499999999999998);
#777=CIRCLE('',#2084,0.5);
#778=CIRCLE('',#2087,0.500000000000003);
#779=CIRCLE('',#2090,0.499999999999998);
#780=CIRCLE('',#2093,0.499999999999989);
#781=VERTEX_POINT('',#2643);
#782=VERTEX_POINT('',#2645);
#783=VERTEX_POINT('',#2649);
#784=VERTEX_POINT('',#2651);
#785=VERTEX_POINT('',#2655);
#786=VERTEX_POINT('',#2657);
#787=VERTEX_POINT('',#2661);
#788=VERTEX_POINT('',#2663);
#789=VERTEX_POINT('',#2667);
#790=VERTEX_POINT('',#2668);
#791=VERTEX_POINT('',#2670);
#792=VERTEX_POINT('',#2672);
#793=VERTEX_POINT('',#2676);
#794=VERTEX_POINT('',#2678);
#795=VERTEX_POINT('',#2682);
#796=VERTEX_POINT('',#2684);
#797=VERTEX_POINT('',#2691);
#798=VERTEX_POINT('',#2692);
#799=VERTEX_POINT('',#2694);
#800=VERTEX_POINT('',#2696);
#801=VERTEX_POINT('',#2700);
#802=VERTEX_POINT('',#2702);
#803=VERTEX_POINT('',#2706);
#804=VERTEX_POINT('',#2708);
#805=VERTEX_POINT('',#2715);
#806=VERTEX_POINT('',#2717);
#807=VERTEX_POINT('',#2721);
#808=VERTEX_POINT('',#2725);
#809=VERTEX_POINT('',#2726);
#810=VERTEX_POINT('',#2728);
#811=VERTEX_POINT('',#2730);
#812=VERTEX_POINT('',#2733);
#813=VERTEX_POINT('',#2734);
#814=VERTEX_POINT('',#2736);
#815=VERTEX_POINT('',#2738);
#816=VERTEX_POINT('',#2740);
#817=VERTEX_POINT('',#2742);
#818=VERTEX_POINT('',#2744);
#819=VERTEX_POINT('',#2746);
#820=VERTEX_POINT('',#2749);
#821=VERTEX_POINT('',#2750);
#822=VERTEX_POINT('',#2752);
#823=VERTEX_POINT('',#2754);
#824=VERTEX_POINT('',#2756);
#825=VERTEX_POINT('',#2758);
#826=VERTEX_POINT('',#2760);
#827=VERTEX_POINT('',#2762);
#828=VERTEX_POINT('',#2765);
#829=VERTEX_POINT('',#2766);
#830=VERTEX_POINT('',#2768);
#831=VERTEX_POINT('',#2770);
#832=VERTEX_POINT('',#2772);
#833=VERTEX_POINT('',#2774);
#834=VERTEX_POINT('',#2776);
#835=VERTEX_POINT('',#2778);
#836=VERTEX_POINT('',#2781);
#837=VERTEX_POINT('',#2782);
#838=VERTEX_POINT('',#2784);
#839=VERTEX_POINT('',#2786);
#840=VERTEX_POINT('',#2788);
#841=VERTEX_POINT('',#2790);
#842=VERTEX_POINT('',#2792);
#843=VERTEX_POINT('',#2794);
#844=VERTEX_POINT('',#2797);
#845=VERTEX_POINT('',#2798);
#846=VERTEX_POINT('',#2800);
#847=VERTEX_POINT('',#2802);
#848=VERTEX_POINT('',#2804);
#849=VERTEX_POINT('',#2806);
#850=VERTEX_POINT('',#2808);
#851=VERTEX_POINT('',#2810);
#852=VERTEX_POINT('',#2813);
#853=VERTEX_POINT('',#2814);
#854=VERTEX_POINT('',#2816);
#855=VERTEX_POINT('',#2818);
#856=VERTEX_POINT('',#2820);
#857=VERTEX_POINT('',#2822);
#858=VERTEX_POINT('',#2824);
#859=VERTEX_POINT('',#2826);
#860=VERTEX_POINT('',#2829);
#861=VERTEX_POINT('',#2830);
#862=VERTEX_POINT('',#2832);
#863=VERTEX_POINT('',#2834);
#864=VERTEX_POINT('',#2836);
#865=VERTEX_POINT('',#2838);
#866=VERTEX_POINT('',#2840);
#867=VERTEX_POINT('',#2842);
#868=VERTEX_POINT('',#2845);
#869=VERTEX_POINT('',#2846);
#870=VERTEX_POINT('',#2848);
#871=VERTEX_POINT('',#2850);
#872=VERTEX_POINT('',#2852);
#873=VERTEX_POINT('',#2854);
#874=VERTEX_POINT('',#2856);
#875=VERTEX_POINT('',#2858);
#876=VERTEX_POINT('',#2861);
#877=VERTEX_POINT('',#2862);
#878=VERTEX_POINT('',#2864);
#879=VERTEX_POINT('',#2866);
#880=VERTEX_POINT('',#2868);
#881=VERTEX_POINT('',#2870);
#882=VERTEX_POINT('',#2872);
#883=VERTEX_POINT('',#2874);
#884=VERTEX_POINT('',#2878);
#885=VERTEX_POINT('',#2884);
#886=VERTEX_POINT('',#2885);
#887=VERTEX_POINT('',#2890);
#888=VERTEX_POINT('',#2894);
#889=VERTEX_POINT('',#2898);
#890=VERTEX_POINT('',#2902);
#891=VERTEX_POINT('',#2906);
#892=VERTEX_POINT('',#2910);
#893=VERTEX_POINT('',#2916);
#894=VERTEX_POINT('',#2917);
#895=VERTEX_POINT('',#2922);
#896=VERTEX_POINT('',#2926);
#897=VERTEX_POINT('',#2930);
#898=VERTEX_POINT('',#2934);
#899=VERTEX_POINT('',#2938);
#900=VERTEX_POINT('',#2942);
#901=VERTEX_POINT('',#2948);
#902=VERTEX_POINT('',#2949);
#903=VERTEX_POINT('',#2954);
#904=VERTEX_POINT('',#2958);
#905=VERTEX_POINT('',#2962);
#906=VERTEX_POINT('',#2966);
#907=VERTEX_POINT('',#2970);
#908=VERTEX_POINT('',#2974);
#909=VERTEX_POINT('',#2980);
#910=VERTEX_POINT('',#2981);
#911=VERTEX_POINT('',#2986);
#912=VERTEX_POINT('',#2990);
#913=VERTEX_POINT('',#2994);
#914=VERTEX_POINT('',#2998);
#915=VERTEX_POINT('',#3002);
#916=VERTEX_POINT('',#3006);
#917=VERTEX_POINT('',#3012);
#918=VERTEX_POINT('',#3013);
#919=VERTEX_POINT('',#3018);
#920=VERTEX_POINT('',#3022);
#921=VERTEX_POINT('',#3026);
#922=VERTEX_POINT('',#3030);
#923=VERTEX_POINT('',#3034);
#924=VERTEX_POINT('',#3038);
#925=VERTEX_POINT('',#3044);
#926=VERTEX_POINT('',#3045);
#927=VERTEX_POINT('',#3050);
#928=VERTEX_POINT('',#3054);
#929=VERTEX_POINT('',#3058);
#930=VERTEX_POINT('',#3062);
#931=VERTEX_POINT('',#3066);
#932=VERTEX_POINT('',#3070);
#933=VERTEX_POINT('',#3076);
#934=VERTEX_POINT('',#3077);
#935=VERTEX_POINT('',#3082);
#936=VERTEX_POINT('',#3086);
#937=VERTEX_POINT('',#3090);
#938=VERTEX_POINT('',#3094);
#939=VERTEX_POINT('',#3098);
#940=VERTEX_POINT('',#3102);
#941=VERTEX_POINT('',#3108);
#942=VERTEX_POINT('',#3109);
#943=VERTEX_POINT('',#3114);
#944=VERTEX_POINT('',#3118);
#945=VERTEX_POINT('',#3122);
#946=VERTEX_POINT('',#3126);
#947=VERTEX_POINT('',#3130);
#948=VERTEX_POINT('',#3134);
#949=VERTEX_POINT('',#3140);
#950=VERTEX_POINT('',#3141);
#951=VERTEX_POINT('',#3146);
#952=VERTEX_POINT('',#3150);
#953=VERTEX_POINT('',#3154);
#954=VERTEX_POINT('',#3158);
#955=VERTEX_POINT('',#3162);
#956=VERTEX_POINT('',#3166);
#957=VERTEX_POINT('',#3172);
#958=VERTEX_POINT('',#3173);
#959=VERTEX_POINT('',#3178);
#960=VERTEX_POINT('',#3182);
#961=EDGE_CURVE('',#781,#781,#701,.T.);
#962=EDGE_CURVE('',#781,#782,#317,.T.);
#963=EDGE_CURVE('',#782,#782,#702,.T.);
#964=EDGE_CURVE('',#783,#783,#703,.T.);
#965=EDGE_CURVE('',#783,#784,#318,.T.);
#966=EDGE_CURVE('',#784,#784,#704,.T.);
#967=EDGE_CURVE('',#785,#785,#705,.T.);
#968=EDGE_CURVE('',#785,#786,#319,.T.);
#969=EDGE_CURVE('',#786,#786,#706,.T.);
#970=EDGE_CURVE('',#787,#787,#707,.T.);
#971=EDGE_CURVE('',#787,#788,#320,.T.);
#972=EDGE_CURVE('',#788,#788,#708,.T.);
#973=EDGE_CURVE('',#789,#790,#321,.T.);
#974=EDGE_CURVE('',#789,#791,#322,.T.);
#975=EDGE_CURVE('',#792,#791,#323,.T.);
#976=EDGE_CURVE('',#790,#792,#324,.T.);
#977=EDGE_CURVE('',#793,#789,#325,.T.);
#978=EDGE_CURVE('',#793,#794,#326,.T.);
#979=EDGE_CURVE('',#791,#794,#327,.T.);
#980=EDGE_CURVE('',#795,#793,#328,.T.);
#981=EDGE_CURVE('',#795,#796,#329,.T.);
#982=EDGE_CURVE('',#794,#796,#330,.T.);
#983=EDGE_CURVE('',#790,#795,#331,.T.);
#984=EDGE_CURVE('',#796,#792,#332,.T.);
#985=EDGE_CURVE('',#797,#798,#333,.T.);
#986=EDGE_CURVE('',#798,#799,#334,.T.);
#987=EDGE_CURVE('',#799,#800,#335,.T.);
#988=EDGE_CURVE('',#797,#800,#336,.T.);
#989=EDGE_CURVE('',#798,#801,#337,.T.);
#990=EDGE_CURVE('',#801,#802,#338,.T.);
#991=EDGE_CURVE('',#802,#799,#339,.T.);
#992=EDGE_CURVE('',#800,#803,#340,.T.);
#993=EDGE_CURVE('',#803,#804,#341,.T.);
#994=EDGE_CURVE('',#804,#797,#342,.T.);
#995=EDGE_CURVE('',#801,#804,#343,.T.);
#996=EDGE_CURVE('',#803,#802,#344,.T.);
#997=EDGE_CURVE('',#800,#805,#345,.T.);
#998=EDGE_CURVE('',#806,#805,#346,.T.);
#999=EDGE_CURVE('',#803,#806,#347,.T.);
#1000=EDGE_CURVE('',#799,#807,#348,.T.);
#1001=EDGE_CURVE('',#805,#807,#349,.T.);
#1002=EDGE_CURVE('',#808,#809,#350,.T.);
#1003=EDGE_CURVE('',#809,#810,#351,.T.);
#1004=EDGE_CURVE('',#810,#811,#352,.T.);
#1005=EDGE_CURVE('',#811,#808,#353,.T.);
#1006=EDGE_CURVE('',#812,#813,#709,.T.);
#1007=EDGE_CURVE('',#813,#814,#354,.T.);
#1008=EDGE_CURVE('',#814,#815,#710,.T.);
#1009=EDGE_CURVE('',#815,#816,#355,.T.);
#1010=EDGE_CURVE('',#816,#817,#711,.T.);
#1011=EDGE_CURVE('',#817,#818,#356,.T.);
#1012=EDGE_CURVE('',#818,#819,#712,.T.);
#1013=EDGE_CURVE('',#819,#812,#357,.T.);
#1014=EDGE_CURVE('',#820,#821,#713,.T.);
#1015=EDGE_CURVE('',#821,#822,#358,.T.);
#1016=EDGE_CURVE('',#822,#823,#714,.T.);
#1017=EDGE_CURVE('',#823,#824,#359,.T.);
#1018=EDGE_CURVE('',#824,#825,#715,.T.);
#1019=EDGE_CURVE('',#825,#826,#360,.T.);
#1020=EDGE_CURVE('',#826,#827,#716,.T.);
#1021=EDGE_CURVE('',#827,#820,#361,.T.);
#1022=EDGE_CURVE('',#828,#829,#717,.T.);
#1023=EDGE_CURVE('',#829,#830,#362,.T.);
#1024=EDGE_CURVE('',#830,#831,#718,.T.);
#1025=EDGE_CURVE('',#831,#832,#363,.T.);
#1026=EDGE_CURVE('',#832,#833,#719,.T.);
#1027=EDGE_CURVE('',#833,#834,#364,.T.);
#1028=EDGE_CURVE('',#834,#835,#720,.T.);
#1029=EDGE_CURVE('',#835,#828,#365,.T.);
#1030=EDGE_CURVE('',#836,#837,#721,.T.);
#1031=EDGE_CURVE('',#837,#838,#366,.T.);
#1032=EDGE_CURVE('',#838,#839,#722,.T.);
#1033=EDGE_CURVE('',#839,#840,#367,.T.);
#1034=EDGE_CURVE('',#840,#841,#723,.T.);
#1035=EDGE_CURVE('',#841,#842,#368,.T.);
#1036=EDGE_CURVE('',#842,#843,#724,.T.);
#1037=EDGE_CURVE('',#843,#836,#369,.T.);
#1038=EDGE_CURVE('',#844,#845,#725,.T.);
#1039=EDGE_CURVE('',#845,#846,#370,.T.);
#1040=EDGE_CURVE('',#846,#847,#726,.T.);
#1041=EDGE_CURVE('',#847,#848,#371,.T.);
#1042=EDGE_CURVE('',#848,#849,#727,.T.);
#1043=EDGE_CURVE('',#849,#850,#372,.T.);
#1044=EDGE_CURVE('',#850,#851,#728,.T.);
#1045=EDGE_CURVE('',#851,#844,#373,.T.);
#1046=EDGE_CURVE('',#852,#853,#729,.T.);
#1047=EDGE_CURVE('',#853,#854,#374,.T.);
#1048=EDGE_CURVE('',#854,#855,#730,.T.);
#1049=EDGE_CURVE('',#855,#856,#375,.T.);
#1050=EDGE_CURVE('',#856,#857,#731,.T.);
#1051=EDGE_CURVE('',#857,#858,#376,.T.);
#1052=EDGE_CURVE('',#858,#859,#732,.T.);
#1053=EDGE_CURVE('',#859,#852,#377,.T.);
#1054=EDGE_CURVE('',#860,#861,#733,.T.);
#1055=EDGE_CURVE('',#861,#862,#378,.T.);
#1056=EDGE_CURVE('',#862,#863,#734,.T.);
#1057=EDGE_CURVE('',#863,#864,#379,.T.);
#1058=EDGE_CURVE('',#864,#865,#735,.T.);
#1059=EDGE_CURVE('',#865,#866,#380,.T.);
#1060=EDGE_CURVE('',#866,#867,#736,.T.);
#1061=EDGE_CURVE('',#867,#860,#381,.T.);
#1062=EDGE_CURVE('',#868,#869,#737,.T.);
#1063=EDGE_CURVE('',#869,#870,#382,.T.);
#1064=EDGE_CURVE('',#870,#871,#738,.T.);
#1065=EDGE_CURVE('',#871,#872,#383,.T.);
#1066=EDGE_CURVE('',#872,#873,#739,.T.);
#1067=EDGE_CURVE('',#873,#874,#384,.T.);
#1068=EDGE_CURVE('',#874,#875,#740,.T.);
#1069=EDGE_CURVE('',#875,#868,#385,.T.);
#1070=EDGE_CURVE('',#876,#877,#741,.T.);
#1071=EDGE_CURVE('',#877,#878,#386,.T.);
#1072=EDGE_CURVE('',#878,#879,#742,.T.);
#1073=EDGE_CURVE('',#879,#880,#387,.T.);
#1074=EDGE_CURVE('',#880,#881,#743,.T.);
#1075=EDGE_CURVE('',#881,#882,#388,.T.);
#1076=EDGE_CURVE('',#882,#883,#744,.T.);
#1077=EDGE_CURVE('',#883,#876,#389,.T.);
#1078=EDGE_CURVE('',#802,#884,#390,.T.);
#1079=EDGE_CURVE('',#807,#884,#391,.T.);
#1080=EDGE_CURVE('',#884,#806,#392,.T.);
#1081=EDGE_CURVE('',#885,#886,#393,.T.);
#1082=EDGE_CURVE('',#886,#876,#394,.T.);
#1083=EDGE_CURVE('',#885,#883,#395,.T.);
#1084=EDGE_CURVE('',#887,#885,#745,.T.);
#1085=EDGE_CURVE('',#887,#882,#396,.T.);
#1086=EDGE_CURVE('',#888,#887,#397,.T.);
#1087=EDGE_CURVE('',#888,#881,#398,.T.);
#1088=EDGE_CURVE('',#889,#888,#746,.T.);
#1089=EDGE_CURVE('',#889,#880,#399,.T.);
#1090=EDGE_CURVE('',#890,#889,#400,.T.);
#1091=EDGE_CURVE('',#890,#879,#401,.T.);
#1092=EDGE_CURVE('',#891,#890,#747,.T.);
#1093=EDGE_CURVE('',#891,#878,#402,.T.);
#1094=EDGE_CURVE('',#892,#891,#403,.T.);
#1095=EDGE_CURVE('',#892,#877,#404,.T.);
#1096=EDGE_CURVE('',#886,#892,#748,.T.);
#1097=EDGE_CURVE('',#893,#894,#405,.T.);
#1098=EDGE_CURVE('',#894,#868,#406,.T.);
#1099=EDGE_CURVE('',#893,#875,#407,.T.);
#1100=EDGE_CURVE('',#895,#893,#749,.T.);
#1101=EDGE_CURVE('',#895,#874,#408,.T.);
#1102=EDGE_CURVE('',#896,#895,#409,.T.);
#1103=EDGE_CURVE('',#896,#873,#410,.T.);
#1104=EDGE_CURVE('',#897,#896,#750,.T.);
#1105=EDGE_CURVE('',#897,#872,#411,.T.);
#1106=EDGE_CURVE('',#898,#897,#412,.T.);
#1107=EDGE_CURVE('',#898,#871,#413,.T.);
#1108=EDGE_CURVE('',#899,#898,#751,.T.);
#1109=EDGE_CURVE('',#899,#870,#414,.T.);
#1110=EDGE_CURVE('',#900,#899,#415,.T.);
#1111=EDGE_CURVE('',#900,#869,#416,.T.);
#1112=EDGE_CURVE('',#894,#900,#752,.T.);
#1113=EDGE_CURVE('',#901,#902,#417,.T.);
#1114=EDGE_CURVE('',#902,#860,#418,.T.);
#1115=EDGE_CURVE('',#901,#867,#419,.T.);
#1116=EDGE_CURVE('',#903,#901,#753,.T.);
#1117=EDGE_CURVE('',#903,#866,#420,.T.);
#1118=EDGE_CURVE('',#904,#903,#421,.T.);
#1119=EDGE_CURVE('',#904,#865,#422,.T.);
#1120=EDGE_CURVE('',#905,#904,#754,.T.);
#1121=EDGE_CURVE('',#905,#864,#423,.T.);
#1122=EDGE_CURVE('',#906,#905,#424,.T.);
#1123=EDGE_CURVE('',#906,#863,#425,.T.);
#1124=EDGE_CURVE('',#907,#906,#755,.T.);
#1125=EDGE_CURVE('',#907,#862,#426,.T.);
#1126=EDGE_CURVE('',#908,#907,#427,.T.);
#1127=EDGE_CURVE('',#908,#861,#428,.T.);
#1128=EDGE_CURVE('',#902,#908,#756,.T.);
#1129=EDGE_CURVE('',#909,#910,#429,.T.);
#1130=EDGE_CURVE('',#910,#852,#430,.T.);
#1131=EDGE_CURVE('',#909,#859,#431,.T.);
#1132=EDGE_CURVE('',#911,#909,#757,.T.);
#1133=EDGE_CURVE('',#911,#858,#432,.T.);
#1134=EDGE_CURVE('',#912,#911,#433,.T.);
#1135=EDGE_CURVE('',#912,#857,#434,.T.);
#1136=EDGE_CURVE('',#913,#912,#758,.T.);
#1137=EDGE_CURVE('',#913,#856,#435,.T.);
#1138=EDGE_CURVE('',#914,#913,#436,.T.);
#1139=EDGE_CURVE('',#914,#855,#437,.T.);
#1140=EDGE_CURVE('',#915,#914,#759,.T.);
#1141=EDGE_CURVE('',#915,#854,#438,.T.);
#1142=EDGE_CURVE('',#916,#915,#439,.T.);
#1143=EDGE_CURVE('',#916,#853,#440,.T.);
#1144=EDGE_CURVE('',#910,#916,#760,.T.);
#1145=EDGE_CURVE('',#917,#918,#441,.T.);
#1146=EDGE_CURVE('',#918,#844,#442,.T.);
#1147=EDGE_CURVE('',#917,#851,#443,.T.);
#1148=EDGE_CURVE('',#919,#917,#761,.T.);
#1149=EDGE_CURVE('',#919,#850,#444,.T.);
#1150=EDGE_CURVE('',#920,#919,#445,.T.);
#1151=EDGE_CURVE('',#920,#849,#446,.T.);
#1152=EDGE_CURVE('',#921,#920,#762,.T.);
#1153=EDGE_CURVE('',#921,#848,#447,.T.);
#1154=EDGE_CURVE('',#922,#921,#448,.T.);
#1155=EDGE_CURVE('',#922,#847,#449,.T.);
#1156=EDGE_CURVE('',#923,#922,#763,.T.);
#1157=EDGE_CURVE('',#923,#846,#450,.T.);
#1158=EDGE_CURVE('',#924,#923,#451,.T.);
#1159=EDGE_CURVE('',#924,#845,#452,.T.);
#1160=EDGE_CURVE('',#918,#924,#764,.T.);
#1161=EDGE_CURVE('',#925,#926,#453,.T.);
#1162=EDGE_CURVE('',#926,#836,#454,.T.);
#1163=EDGE_CURVE('',#925,#843,#455,.T.);
#1164=EDGE_CURVE('',#927,#925,#765,.T.);
#1165=EDGE_CURVE('',#927,#842,#456,.T.);
#1166=EDGE_CURVE('',#928,#927,#457,.T.);
#1167=EDGE_CURVE('',#928,#841,#458,.T.);
#1168=EDGE_CURVE('',#929,#928,#766,.T.);
#1169=EDGE_CURVE('',#929,#840,#459,.T.);
#1170=EDGE_CURVE('',#930,#929,#460,.T.);
#1171=EDGE_CURVE('',#930,#839,#461,.T.);
#1172=EDGE_CURVE('',#931,#930,#767,.T.);
#1173=EDGE_CURVE('',#931,#838,#462,.T.);
#1174=EDGE_CURVE('',#932,#931,#463,.T.);
#1175=EDGE_CURVE('',#932,#837,#464,.T.);
#1176=EDGE_CURVE('',#926,#932,#768,.T.);
#1177=EDGE_CURVE('',#933,#934,#465,.T.);
#1178=EDGE_CURVE('',#934,#828,#466,.T.);
#1179=EDGE_CURVE('',#933,#835,#467,.T.);
#1180=EDGE_CURVE('',#935,#933,#769,.T.);
#1181=EDGE_CURVE('',#935,#834,#468,.T.);
#1182=EDGE_CURVE('',#936,#935,#469,.T.);
#1183=EDGE_CURVE('',#936,#833,#470,.T.);
#1184=EDGE_CURVE('',#937,#936,#770,.T.);
#1185=EDGE_CURVE('',#937,#832,#471,.T.);
#1186=EDGE_CURVE('',#938,#937,#472,.T.);
#1187=EDGE_CURVE('',#938,#831,#473,.T.);
#1188=EDGE_CURVE('',#939,#938,#771,.T.);
#1189=EDGE_CURVE('',#939,#830,#474,.T.);
#1190=EDGE_CURVE('',#940,#939,#475,.T.);
#1191=EDGE_CURVE('',#940,#829,#476,.T.);
#1192=EDGE_CURVE('',#934,#940,#772,.T.);
#1193=EDGE_CURVE('',#941,#942,#477,.T.);
#1194=EDGE_CURVE('',#942,#820,#478,.T.);
#1195=EDGE_CURVE('',#941,#827,#479,.T.);
#1196=EDGE_CURVE('',#943,#941,#773,.T.);
#1197=EDGE_CURVE('',#943,#826,#480,.T.);
#1198=EDGE_CURVE('',#944,#943,#481,.T.);
#1199=EDGE_CURVE('',#944,#825,#482,.T.);
#1200=EDGE_CURVE('',#945,#944,#774,.T.);
#1201=EDGE_CURVE('',#945,#824,#483,.T.);
#1202=EDGE_CURVE('',#946,#945,#484,.T.);
#1203=EDGE_CURVE('',#946,#823,#485,.T.);
#1204=EDGE_CURVE('',#947,#946,#775,.T.);
#1205=EDGE_CURVE('',#947,#822,#486,.T.);
#1206=EDGE_CURVE('',#948,#947,#487,.T.);
#1207=EDGE_CURVE('',#948,#821,#488,.T.);
#1208=EDGE_CURVE('',#942,#948,#776,.T.);
#1209=EDGE_CURVE('',#949,#950,#489,.T.);
#1210=EDGE_CURVE('',#950,#812,#490,.T.);
#1211=EDGE_CURVE('',#949,#819,#491,.T.);
#1212=EDGE_CURVE('',#951,#949,#777,.T.);
#1213=EDGE_CURVE('',#951,#818,#492,.T.);
#1214=EDGE_CURVE('',#952,#951,#493,.T.);
#1215=EDGE_CURVE('',#952,#817,#494,.T.);
#1216=EDGE_CURVE('',#953,#952,#778,.T.);
#1217=EDGE_CURVE('',#953,#816,#495,.T.);
#1218=EDGE_CURVE('',#954,#953,#496,.T.);
#1219=EDGE_CURVE('',#954,#815,#497,.T.);
#1220=EDGE_CURVE('',#955,#954,#779,.T.);
#1221=EDGE_CURVE('',#955,#814,#498,.T.);
#1222=EDGE_CURVE('',#956,#955,#499,.T.);
#1223=EDGE_CURVE('',#956,#813,#500,.T.);
#1224=EDGE_CURVE('',#950,#956,#780,.T.);
#1225=EDGE_CURVE('',#957,#958,#501,.T.);
#1226=EDGE_CURVE('',#958,#808,#502,.T.);
#1227=EDGE_CURVE('',#957,#811,#503,.T.);
#1228=EDGE_CURVE('',#959,#957,#504,.T.);
#1229=EDGE_CURVE('',#959,#810,#505,.T.);
#1230=EDGE_CURVE('',#960,#959,#506,.T.);
#1231=EDGE_CURVE('',#960,#809,#507,.T.);
#1232=EDGE_CURVE('',#958,#960,#508,.T.);
#1233=ORIENTED_EDGE('',*,*,#961,.F.);
#1234=ORIENTED_EDGE('',*,*,#962,.T.);
#1235=ORIENTED_EDGE('',*,*,#963,.F.);
#1236=ORIENTED_EDGE('',*,*,#962,.F.);
#1237=ORIENTED_EDGE('',*,*,#964,.F.);
#1238=ORIENTED_EDGE('',*,*,#965,.T.);
#1239=ORIENTED_EDGE('',*,*,#966,.F.);
#1240=ORIENTED_EDGE('',*,*,#965,.F.);
#1241=ORIENTED_EDGE('',*,*,#967,.F.);
#1242=ORIENTED_EDGE('',*,*,#968,.T.);
#1243=ORIENTED_EDGE('',*,*,#969,.F.);
#1244=ORIENTED_EDGE('',*,*,#968,.F.);
#1245=ORIENTED_EDGE('',*,*,#970,.F.);
#1246=ORIENTED_EDGE('',*,*,#971,.T.);
#1247=ORIENTED_EDGE('',*,*,#972,.F.);
#1248=ORIENTED_EDGE('',*,*,#971,.F.);
#1249=ORIENTED_EDGE('',*,*,#973,.F.);
#1250=ORIENTED_EDGE('',*,*,#974,.T.);
#1251=ORIENTED_EDGE('',*,*,#975,.F.);
#1252=ORIENTED_EDGE('',*,*,#976,.F.);
#1253=ORIENTED_EDGE('',*,*,#977,.F.);
#1254=ORIENTED_EDGE('',*,*,#978,.T.);
#1255=ORIENTED_EDGE('',*,*,#979,.F.);
#1256=ORIENTED_EDGE('',*,*,#974,.F.);
#1257=ORIENTED_EDGE('',*,*,#980,.F.);
#1258=ORIENTED_EDGE('',*,*,#981,.T.);
#1259=ORIENTED_EDGE('',*,*,#982,.F.);
#1260=ORIENTED_EDGE('',*,*,#978,.F.);
#1261=ORIENTED_EDGE('',*,*,#983,.F.);
#1262=ORIENTED_EDGE('',*,*,#976,.T.);
#1263=ORIENTED_EDGE('',*,*,#984,.F.);
#1264=ORIENTED_EDGE('',*,*,#981,.F.);
#1265=ORIENTED_EDGE('',*,*,#985,.T.);
#1266=ORIENTED_EDGE('',*,*,#986,.T.);
#1267=ORIENTED_EDGE('',*,*,#987,.T.);
#1268=ORIENTED_EDGE('',*,*,#988,.F.);
#1269=ORIENTED_EDGE('',*,*,#989,.T.);
#1270=ORIENTED_EDGE('',*,*,#990,.T.);
#1271=ORIENTED_EDGE('',*,*,#991,.T.);
#1272=ORIENTED_EDGE('',*,*,#986,.F.);
#1273=ORIENTED_EDGE('',*,*,#992,.T.);
#1274=ORIENTED_EDGE('',*,*,#993,.T.);
#1275=ORIENTED_EDGE('',*,*,#994,.T.);
#1276=ORIENTED_EDGE('',*,*,#988,.T.);
#1277=ORIENTED_EDGE('',*,*,#995,.T.);
#1278=ORIENTED_EDGE('',*,*,#993,.F.);
#1279=ORIENTED_EDGE('',*,*,#996,.T.);
#1280=ORIENTED_EDGE('',*,*,#990,.F.);
#1281=ORIENTED_EDGE('',*,*,#992,.F.);
#1282=ORIENTED_EDGE('',*,*,#997,.T.);
#1283=ORIENTED_EDGE('',*,*,#998,.F.);
#1284=ORIENTED_EDGE('',*,*,#999,.F.);
#1285=ORIENTED_EDGE('',*,*,#987,.F.);
#1286=ORIENTED_EDGE('',*,*,#1000,.T.);
#1287=ORIENTED_EDGE('',*,*,#1001,.F.);
#1288=ORIENTED_EDGE('',*,*,#997,.F.);
#1289=ORIENTED_EDGE('',*,*,#1002,.T.);
#1290=ORIENTED_EDGE('',*,*,#1003,.T.);
#1291=ORIENTED_EDGE('',*,*,#1004,.T.);
#1292=ORIENTED_EDGE('',*,*,#1005,.T.);
#1293=ORIENTED_EDGE('',*,*,#973,.T.);
#1294=ORIENTED_EDGE('',*,*,#983,.T.);
#1295=ORIENTED_EDGE('',*,*,#980,.T.);
#1296=ORIENTED_EDGE('',*,*,#977,.T.);
#1297=ORIENTED_EDGE('',*,*,#1006,.T.);
#1298=ORIENTED_EDGE('',*,*,#1007,.T.);
#1299=ORIENTED_EDGE('',*,*,#1008,.T.);
#1300=ORIENTED_EDGE('',*,*,#1009,.T.);
#1301=ORIENTED_EDGE('',*,*,#1010,.T.);
#1302=ORIENTED_EDGE('',*,*,#1011,.T.);
#1303=ORIENTED_EDGE('',*,*,#1012,.T.);
#1304=ORIENTED_EDGE('',*,*,#1013,.T.);
#1305=ORIENTED_EDGE('',*,*,#1014,.T.);
#1306=ORIENTED_EDGE('',*,*,#1015,.T.);
#1307=ORIENTED_EDGE('',*,*,#1016,.T.);
#1308=ORIENTED_EDGE('',*,*,#1017,.T.);
#1309=ORIENTED_EDGE('',*,*,#1018,.T.);
#1310=ORIENTED_EDGE('',*,*,#1019,.T.);
#1311=ORIENTED_EDGE('',*,*,#1020,.T.);
#1312=ORIENTED_EDGE('',*,*,#1021,.T.);
#1313=ORIENTED_EDGE('',*,*,#1022,.T.);
#1314=ORIENTED_EDGE('',*,*,#1023,.T.);
#1315=ORIENTED_EDGE('',*,*,#1024,.T.);
#1316=ORIENTED_EDGE('',*,*,#1025,.T.);
#1317=ORIENTED_EDGE('',*,*,#1026,.T.);
#1318=ORIENTED_EDGE('',*,*,#1027,.T.);
#1319=ORIENTED_EDGE('',*,*,#1028,.T.);
#1320=ORIENTED_EDGE('',*,*,#1029,.T.);
#1321=ORIENTED_EDGE('',*,*,#1030,.T.);
#1322=ORIENTED_EDGE('',*,*,#1031,.T.);
#1323=ORIENTED_EDGE('',*,*,#1032,.T.);
#1324=ORIENTED_EDGE('',*,*,#1033,.T.);
#1325=ORIENTED_EDGE('',*,*,#1034,.T.);
#1326=ORIENTED_EDGE('',*,*,#1035,.T.);
#1327=ORIENTED_EDGE('',*,*,#1036,.T.);
#1328=ORIENTED_EDGE('',*,*,#1037,.T.);
#1329=ORIENTED_EDGE('',*,*,#1038,.T.);
#1330=ORIENTED_EDGE('',*,*,#1039,.T.);
#1331=ORIENTED_EDGE('',*,*,#1040,.T.);
#1332=ORIENTED_EDGE('',*,*,#1041,.T.);
#1333=ORIENTED_EDGE('',*,*,#1042,.T.);
#1334=ORIENTED_EDGE('',*,*,#1043,.T.);
#1335=ORIENTED_EDGE('',*,*,#1044,.T.);
#1336=ORIENTED_EDGE('',*,*,#1045,.T.);
#1337=ORIENTED_EDGE('',*,*,#1046,.T.);
#1338=ORIENTED_EDGE('',*,*,#1047,.T.);
#1339=ORIENTED_EDGE('',*,*,#1048,.T.);
#1340=ORIENTED_EDGE('',*,*,#1049,.T.);
#1341=ORIENTED_EDGE('',*,*,#1050,.T.);
#1342=ORIENTED_EDGE('',*,*,#1051,.T.);
#1343=ORIENTED_EDGE('',*,*,#1052,.T.);
#1344=ORIENTED_EDGE('',*,*,#1053,.T.);
#1345=ORIENTED_EDGE('',*,*,#1054,.T.);
#1346=ORIENTED_EDGE('',*,*,#1055,.T.);
#1347=ORIENTED_EDGE('',*,*,#1056,.T.);
#1348=ORIENTED_EDGE('',*,*,#1057,.T.);
#1349=ORIENTED_EDGE('',*,*,#1058,.T.);
#1350=ORIENTED_EDGE('',*,*,#1059,.T.);
#1351=ORIENTED_EDGE('',*,*,#1060,.T.);
#1352=ORIENTED_EDGE('',*,*,#1061,.T.);
#1353=ORIENTED_EDGE('',*,*,#1062,.T.);
#1354=ORIENTED_EDGE('',*,*,#1063,.T.);
#1355=ORIENTED_EDGE('',*,*,#1064,.T.);
#1356=ORIENTED_EDGE('',*,*,#1065,.T.);
#1357=ORIENTED_EDGE('',*,*,#1066,.T.);
#1358=ORIENTED_EDGE('',*,*,#1067,.T.);
#1359=ORIENTED_EDGE('',*,*,#1068,.T.);
#1360=ORIENTED_EDGE('',*,*,#1069,.T.);
#1361=ORIENTED_EDGE('',*,*,#1070,.T.);
#1362=ORIENTED_EDGE('',*,*,#1071,.T.);
#1363=ORIENTED_EDGE('',*,*,#1072,.T.);
#1364=ORIENTED_EDGE('',*,*,#1073,.T.);
#1365=ORIENTED_EDGE('',*,*,#1074,.T.);
#1366=ORIENTED_EDGE('',*,*,#1075,.T.);
#1367=ORIENTED_EDGE('',*,*,#1076,.T.);
#1368=ORIENTED_EDGE('',*,*,#1077,.T.);
#1369=ORIENTED_EDGE('',*,*,#985,.F.);
#1370=ORIENTED_EDGE('',*,*,#994,.F.);
#1371=ORIENTED_EDGE('',*,*,#995,.F.);
#1372=ORIENTED_EDGE('',*,*,#989,.F.);
#1373=ORIENTED_EDGE('',*,*,#970,.T.);
#1374=ORIENTED_EDGE('',*,*,#967,.T.);
#1375=ORIENTED_EDGE('',*,*,#964,.T.);
#1376=ORIENTED_EDGE('',*,*,#961,.T.);
#1377=ORIENTED_EDGE('',*,*,#991,.F.);
#1378=ORIENTED_EDGE('',*,*,#1078,.T.);
#1379=ORIENTED_EDGE('',*,*,#1079,.F.);
#1380=ORIENTED_EDGE('',*,*,#1000,.F.);
#1381=ORIENTED_EDGE('',*,*,#996,.F.);
#1382=ORIENTED_EDGE('',*,*,#999,.T.);
#1383=ORIENTED_EDGE('',*,*,#1080,.F.);
#1384=ORIENTED_EDGE('',*,*,#1078,.F.);
#1385=ORIENTED_EDGE('',*,*,#1081,.T.);
#1386=ORIENTED_EDGE('',*,*,#1082,.T.);
#1387=ORIENTED_EDGE('',*,*,#1077,.F.);
#1388=ORIENTED_EDGE('',*,*,#1083,.F.);
#1389=ORIENTED_EDGE('',*,*,#1084,.T.);
#1390=ORIENTED_EDGE('',*,*,#1083,.T.);
#1391=ORIENTED_EDGE('',*,*,#1076,.F.);
#1392=ORIENTED_EDGE('',*,*,#1085,.F.);
#1393=ORIENTED_EDGE('',*,*,#1086,.T.);
#1394=ORIENTED_EDGE('',*,*,#1085,.T.);
#1395=ORIENTED_EDGE('',*,*,#1075,.F.);
#1396=ORIENTED_EDGE('',*,*,#1087,.F.);
#1397=ORIENTED_EDGE('',*,*,#1088,.T.);
#1398=ORIENTED_EDGE('',*,*,#1087,.T.);
#1399=ORIENTED_EDGE('',*,*,#1074,.F.);
#1400=ORIENTED_EDGE('',*,*,#1089,.F.);
#1401=ORIENTED_EDGE('',*,*,#1090,.T.);
#1402=ORIENTED_EDGE('',*,*,#1089,.T.);
#1403=ORIENTED_EDGE('',*,*,#1073,.F.);
#1404=ORIENTED_EDGE('',*,*,#1091,.F.);
#1405=ORIENTED_EDGE('',*,*,#1092,.T.);
#1406=ORIENTED_EDGE('',*,*,#1091,.T.);
#1407=ORIENTED_EDGE('',*,*,#1072,.F.);
#1408=ORIENTED_EDGE('',*,*,#1093,.F.);
#1409=ORIENTED_EDGE('',*,*,#1094,.T.);
#1410=ORIENTED_EDGE('',*,*,#1093,.T.);
#1411=ORIENTED_EDGE('',*,*,#1071,.F.);
#1412=ORIENTED_EDGE('',*,*,#1095,.F.);
#1413=ORIENTED_EDGE('',*,*,#1096,.T.);
#1414=ORIENTED_EDGE('',*,*,#1095,.T.);
#1415=ORIENTED_EDGE('',*,*,#1070,.F.);
#1416=ORIENTED_EDGE('',*,*,#1082,.F.);
#1417=ORIENTED_EDGE('',*,*,#1097,.T.);
#1418=ORIENTED_EDGE('',*,*,#1098,.T.);
#1419=ORIENTED_EDGE('',*,*,#1069,.F.);
#1420=ORIENTED_EDGE('',*,*,#1099,.F.);
#1421=ORIENTED_EDGE('',*,*,#1100,.T.);
#1422=ORIENTED_EDGE('',*,*,#1099,.T.);
#1423=ORIENTED_EDGE('',*,*,#1068,.F.);
#1424=ORIENTED_EDGE('',*,*,#1101,.F.);
#1425=ORIENTED_EDGE('',*,*,#1102,.T.);
#1426=ORIENTED_EDGE('',*,*,#1101,.T.);
#1427=ORIENTED_EDGE('',*,*,#1067,.F.);
#1428=ORIENTED_EDGE('',*,*,#1103,.F.);
#1429=ORIENTED_EDGE('',*,*,#1104,.T.);
#1430=ORIENTED_EDGE('',*,*,#1103,.T.);
#1431=ORIENTED_EDGE('',*,*,#1066,.F.);
#1432=ORIENTED_EDGE('',*,*,#1105,.F.);
#1433=ORIENTED_EDGE('',*,*,#1106,.T.);
#1434=ORIENTED_EDGE('',*,*,#1105,.T.);
#1435=ORIENTED_EDGE('',*,*,#1065,.F.);
#1436=ORIENTED_EDGE('',*,*,#1107,.F.);
#1437=ORIENTED_EDGE('',*,*,#1108,.T.);
#1438=ORIENTED_EDGE('',*,*,#1107,.T.);
#1439=ORIENTED_EDGE('',*,*,#1064,.F.);
#1440=ORIENTED_EDGE('',*,*,#1109,.F.);
#1441=ORIENTED_EDGE('',*,*,#1110,.T.);
#1442=ORIENTED_EDGE('',*,*,#1109,.T.);
#1443=ORIENTED_EDGE('',*,*,#1063,.F.);
#1444=ORIENTED_EDGE('',*,*,#1111,.F.);
#1445=ORIENTED_EDGE('',*,*,#1112,.T.);
#1446=ORIENTED_EDGE('',*,*,#1111,.T.);
#1447=ORIENTED_EDGE('',*,*,#1062,.F.);
#1448=ORIENTED_EDGE('',*,*,#1098,.F.);
#1449=ORIENTED_EDGE('',*,*,#1113,.T.);
#1450=ORIENTED_EDGE('',*,*,#1114,.T.);
#1451=ORIENTED_EDGE('',*,*,#1061,.F.);
#1452=ORIENTED_EDGE('',*,*,#1115,.F.);
#1453=ORIENTED_EDGE('',*,*,#1116,.T.);
#1454=ORIENTED_EDGE('',*,*,#1115,.T.);
#1455=ORIENTED_EDGE('',*,*,#1060,.F.);
#1456=ORIENTED_EDGE('',*,*,#1117,.F.);
#1457=ORIENTED_EDGE('',*,*,#1118,.T.);
#1458=ORIENTED_EDGE('',*,*,#1117,.T.);
#1459=ORIENTED_EDGE('',*,*,#1059,.F.);
#1460=ORIENTED_EDGE('',*,*,#1119,.F.);
#1461=ORIENTED_EDGE('',*,*,#1120,.T.);
#1462=ORIENTED_EDGE('',*,*,#1119,.T.);
#1463=ORIENTED_EDGE('',*,*,#1058,.F.);
#1464=ORIENTED_EDGE('',*,*,#1121,.F.);
#1465=ORIENTED_EDGE('',*,*,#1122,.T.);
#1466=ORIENTED_EDGE('',*,*,#1121,.T.);
#1467=ORIENTED_EDGE('',*,*,#1057,.F.);
#1468=ORIENTED_EDGE('',*,*,#1123,.F.);
#1469=ORIENTED_EDGE('',*,*,#1124,.T.);
#1470=ORIENTED_EDGE('',*,*,#1123,.T.);
#1471=ORIENTED_EDGE('',*,*,#1056,.F.);
#1472=ORIENTED_EDGE('',*,*,#1125,.F.);
#1473=ORIENTED_EDGE('',*,*,#1126,.T.);
#1474=ORIENTED_EDGE('',*,*,#1125,.T.);
#1475=ORIENTED_EDGE('',*,*,#1055,.F.);
#1476=ORIENTED_EDGE('',*,*,#1127,.F.);
#1477=ORIENTED_EDGE('',*,*,#1128,.T.);
#1478=ORIENTED_EDGE('',*,*,#1127,.T.);
#1479=ORIENTED_EDGE('',*,*,#1054,.F.);
#1480=ORIENTED_EDGE('',*,*,#1114,.F.);
#1481=ORIENTED_EDGE('',*,*,#1129,.T.);
#1482=ORIENTED_EDGE('',*,*,#1130,.T.);
#1483=ORIENTED_EDGE('',*,*,#1053,.F.);
#1484=ORIENTED_EDGE('',*,*,#1131,.F.);
#1485=ORIENTED_EDGE('',*,*,#1132,.T.);
#1486=ORIENTED_EDGE('',*,*,#1131,.T.);
#1487=ORIENTED_EDGE('',*,*,#1052,.F.);
#1488=ORIENTED_EDGE('',*,*,#1133,.F.);
#1489=ORIENTED_EDGE('',*,*,#1134,.T.);
#1490=ORIENTED_EDGE('',*,*,#1133,.T.);
#1491=ORIENTED_EDGE('',*,*,#1051,.F.);
#1492=ORIENTED_EDGE('',*,*,#1135,.F.);
#1493=ORIENTED_EDGE('',*,*,#1136,.T.);
#1494=ORIENTED_EDGE('',*,*,#1135,.T.);
#1495=ORIENTED_EDGE('',*,*,#1050,.F.);
#1496=ORIENTED_EDGE('',*,*,#1137,.F.);
#1497=ORIENTED_EDGE('',*,*,#1138,.T.);
#1498=ORIENTED_EDGE('',*,*,#1137,.T.);
#1499=ORIENTED_EDGE('',*,*,#1049,.F.);
#1500=ORIENTED_EDGE('',*,*,#1139,.F.);
#1501=ORIENTED_EDGE('',*,*,#1140,.T.);
#1502=ORIENTED_EDGE('',*,*,#1139,.T.);
#1503=ORIENTED_EDGE('',*,*,#1048,.F.);
#1504=ORIENTED_EDGE('',*,*,#1141,.F.);
#1505=ORIENTED_EDGE('',*,*,#1142,.T.);
#1506=ORIENTED_EDGE('',*,*,#1141,.T.);
#1507=ORIENTED_EDGE('',*,*,#1047,.F.);
#1508=ORIENTED_EDGE('',*,*,#1143,.F.);
#1509=ORIENTED_EDGE('',*,*,#1144,.T.);
#1510=ORIENTED_EDGE('',*,*,#1143,.T.);
#1511=ORIENTED_EDGE('',*,*,#1046,.F.);
#1512=ORIENTED_EDGE('',*,*,#1130,.F.);
#1513=ORIENTED_EDGE('',*,*,#1145,.T.);
#1514=ORIENTED_EDGE('',*,*,#1146,.T.);
#1515=ORIENTED_EDGE('',*,*,#1045,.F.);
#1516=ORIENTED_EDGE('',*,*,#1147,.F.);
#1517=ORIENTED_EDGE('',*,*,#1148,.T.);
#1518=ORIENTED_EDGE('',*,*,#1147,.T.);
#1519=ORIENTED_EDGE('',*,*,#1044,.F.);
#1520=ORIENTED_EDGE('',*,*,#1149,.F.);
#1521=ORIENTED_EDGE('',*,*,#1150,.T.);
#1522=ORIENTED_EDGE('',*,*,#1149,.T.);
#1523=ORIENTED_EDGE('',*,*,#1043,.F.);
#1524=ORIENTED_EDGE('',*,*,#1151,.F.);
#1525=ORIENTED_EDGE('',*,*,#1152,.T.);
#1526=ORIENTED_EDGE('',*,*,#1151,.T.);
#1527=ORIENTED_EDGE('',*,*,#1042,.F.);
#1528=ORIENTED_EDGE('',*,*,#1153,.F.);
#1529=ORIENTED_EDGE('',*,*,#1154,.T.);
#1530=ORIENTED_EDGE('',*,*,#1153,.T.);
#1531=ORIENTED_EDGE('',*,*,#1041,.F.);
#1532=ORIENTED_EDGE('',*,*,#1155,.F.);
#1533=ORIENTED_EDGE('',*,*,#1156,.T.);
#1534=ORIENTED_EDGE('',*,*,#1155,.T.);
#1535=ORIENTED_EDGE('',*,*,#1040,.F.);
#1536=ORIENTED_EDGE('',*,*,#1157,.F.);
#1537=ORIENTED_EDGE('',*,*,#1158,.T.);
#1538=ORIENTED_EDGE('',*,*,#1157,.T.);
#1539=ORIENTED_EDGE('',*,*,#1039,.F.);
#1540=ORIENTED_EDGE('',*,*,#1159,.F.);
#1541=ORIENTED_EDGE('',*,*,#1160,.T.);
#1542=ORIENTED_EDGE('',*,*,#1159,.T.);
#1543=ORIENTED_EDGE('',*,*,#1038,.F.);
#1544=ORIENTED_EDGE('',*,*,#1146,.F.);
#1545=ORIENTED_EDGE('',*,*,#1161,.T.);
#1546=ORIENTED_EDGE('',*,*,#1162,.T.);
#1547=ORIENTED_EDGE('',*,*,#1037,.F.);
#1548=ORIENTED_EDGE('',*,*,#1163,.F.);
#1549=ORIENTED_EDGE('',*,*,#1164,.T.);
#1550=ORIENTED_EDGE('',*,*,#1163,.T.);
#1551=ORIENTED_EDGE('',*,*,#1036,.F.);
#1552=ORIENTED_EDGE('',*,*,#1165,.F.);
#1553=ORIENTED_EDGE('',*,*,#1166,.T.);
#1554=ORIENTED_EDGE('',*,*,#1165,.T.);
#1555=ORIENTED_EDGE('',*,*,#1035,.F.);
#1556=ORIENTED_EDGE('',*,*,#1167,.F.);
#1557=ORIENTED_EDGE('',*,*,#1168,.T.);
#1558=ORIENTED_EDGE('',*,*,#1167,.T.);
#1559=ORIENTED_EDGE('',*,*,#1034,.F.);
#1560=ORIENTED_EDGE('',*,*,#1169,.F.);
#1561=ORIENTED_EDGE('',*,*,#1170,.T.);
#1562=ORIENTED_EDGE('',*,*,#1169,.T.);
#1563=ORIENTED_EDGE('',*,*,#1033,.F.);
#1564=ORIENTED_EDGE('',*,*,#1171,.F.);
#1565=ORIENTED_EDGE('',*,*,#1172,.T.);
#1566=ORIENTED_EDGE('',*,*,#1171,.T.);
#1567=ORIENTED_EDGE('',*,*,#1032,.F.);
#1568=ORIENTED_EDGE('',*,*,#1173,.F.);
#1569=ORIENTED_EDGE('',*,*,#1174,.T.);
#1570=ORIENTED_EDGE('',*,*,#1173,.T.);
#1571=ORIENTED_EDGE('',*,*,#1031,.F.);
#1572=ORIENTED_EDGE('',*,*,#1175,.F.);
#1573=ORIENTED_EDGE('',*,*,#1176,.T.);
#1574=ORIENTED_EDGE('',*,*,#1175,.T.);
#1575=ORIENTED_EDGE('',*,*,#1030,.F.);
#1576=ORIENTED_EDGE('',*,*,#1162,.F.);
#1577=ORIENTED_EDGE('',*,*,#1177,.T.);
#1578=ORIENTED_EDGE('',*,*,#1178,.T.);
#1579=ORIENTED_EDGE('',*,*,#1029,.F.);
#1580=ORIENTED_EDGE('',*,*,#1179,.F.);
#1581=ORIENTED_EDGE('',*,*,#1180,.T.);
#1582=ORIENTED_EDGE('',*,*,#1179,.T.);
#1583=ORIENTED_EDGE('',*,*,#1028,.F.);
#1584=ORIENTED_EDGE('',*,*,#1181,.F.);
#1585=ORIENTED_EDGE('',*,*,#1182,.T.);
#1586=ORIENTED_EDGE('',*,*,#1181,.T.);
#1587=ORIENTED_EDGE('',*,*,#1027,.F.);
#1588=ORIENTED_EDGE('',*,*,#1183,.F.);
#1589=ORIENTED_EDGE('',*,*,#1184,.T.);
#1590=ORIENTED_EDGE('',*,*,#1183,.T.);
#1591=ORIENTED_EDGE('',*,*,#1026,.F.);
#1592=ORIENTED_EDGE('',*,*,#1185,.F.);
#1593=ORIENTED_EDGE('',*,*,#1186,.T.);
#1594=ORIENTED_EDGE('',*,*,#1185,.T.);
#1595=ORIENTED_EDGE('',*,*,#1025,.F.);
#1596=ORIENTED_EDGE('',*,*,#1187,.F.);
#1597=ORIENTED_EDGE('',*,*,#1188,.T.);
#1598=ORIENTED_EDGE('',*,*,#1187,.T.);
#1599=ORIENTED_EDGE('',*,*,#1024,.F.);
#1600=ORIENTED_EDGE('',*,*,#1189,.F.);
#1601=ORIENTED_EDGE('',*,*,#1190,.T.);
#1602=ORIENTED_EDGE('',*,*,#1189,.T.);
#1603=ORIENTED_EDGE('',*,*,#1023,.F.);
#1604=ORIENTED_EDGE('',*,*,#1191,.F.);
#1605=ORIENTED_EDGE('',*,*,#1192,.T.);
#1606=ORIENTED_EDGE('',*,*,#1191,.T.);
#1607=ORIENTED_EDGE('',*,*,#1022,.F.);
#1608=ORIENTED_EDGE('',*,*,#1178,.F.);
#1609=ORIENTED_EDGE('',*,*,#1193,.T.);
#1610=ORIENTED_EDGE('',*,*,#1194,.T.);
#1611=ORIENTED_EDGE('',*,*,#1021,.F.);
#1612=ORIENTED_EDGE('',*,*,#1195,.F.);
#1613=ORIENTED_EDGE('',*,*,#1196,.T.);
#1614=ORIENTED_EDGE('',*,*,#1195,.T.);
#1615=ORIENTED_EDGE('',*,*,#1020,.F.);
#1616=ORIENTED_EDGE('',*,*,#1197,.F.);
#1617=ORIENTED_EDGE('',*,*,#1198,.T.);
#1618=ORIENTED_EDGE('',*,*,#1197,.T.);
#1619=ORIENTED_EDGE('',*,*,#1019,.F.);
#1620=ORIENTED_EDGE('',*,*,#1199,.F.);
#1621=ORIENTED_EDGE('',*,*,#1200,.T.);
#1622=ORIENTED_EDGE('',*,*,#1199,.T.);
#1623=ORIENTED_EDGE('',*,*,#1018,.F.);
#1624=ORIENTED_EDGE('',*,*,#1201,.F.);
#1625=ORIENTED_EDGE('',*,*,#1202,.T.);
#1626=ORIENTED_EDGE('',*,*,#1201,.T.);
#1627=ORIENTED_EDGE('',*,*,#1017,.F.);
#1628=ORIENTED_EDGE('',*,*,#1203,.F.);
#1629=ORIENTED_EDGE('',*,*,#1204,.T.);
#1630=ORIENTED_EDGE('',*,*,#1203,.T.);
#1631=ORIENTED_EDGE('',*,*,#1016,.F.);
#1632=ORIENTED_EDGE('',*,*,#1205,.F.);
#1633=ORIENTED_EDGE('',*,*,#1206,.T.);
#1634=ORIENTED_EDGE('',*,*,#1205,.T.);
#1635=ORIENTED_EDGE('',*,*,#1015,.F.);
#1636=ORIENTED_EDGE('',*,*,#1207,.F.);
#1637=ORIENTED_EDGE('',*,*,#1208,.T.);
#1638=ORIENTED_EDGE('',*,*,#1207,.T.);
#1639=ORIENTED_EDGE('',*,*,#1014,.F.);
#1640=ORIENTED_EDGE('',*,*,#1194,.F.);
#1641=ORIENTED_EDGE('',*,*,#1209,.T.);
#1642=ORIENTED_EDGE('',*,*,#1210,.T.);
#1643=ORIENTED_EDGE('',*,*,#1013,.F.);
#1644=ORIENTED_EDGE('',*,*,#1211,.F.);
#1645=ORIENTED_EDGE('',*,*,#1212,.T.);
#1646=ORIENTED_EDGE('',*,*,#1211,.T.);
#1647=ORIENTED_EDGE('',*,*,#1012,.F.);
#1648=ORIENTED_EDGE('',*,*,#1213,.F.);
#1649=ORIENTED_EDGE('',*,*,#1214,.T.);
#1650=ORIENTED_EDGE('',*,*,#1213,.T.);
#1651=ORIENTED_EDGE('',*,*,#1011,.F.);
#1652=ORIENTED_EDGE('',*,*,#1215,.F.);
#1653=ORIENTED_EDGE('',*,*,#1216,.T.);
#1654=ORIENTED_EDGE('',*,*,#1215,.T.);
#1655=ORIENTED_EDGE('',*,*,#1010,.F.);
#1656=ORIENTED_EDGE('',*,*,#1217,.F.);
#1657=ORIENTED_EDGE('',*,*,#1218,.T.);
#1658=ORIENTED_EDGE('',*,*,#1217,.T.);
#1659=ORIENTED_EDGE('',*,*,#1009,.F.);
#1660=ORIENTED_EDGE('',*,*,#1219,.F.);
#1661=ORIENTED_EDGE('',*,*,#1220,.T.);
#1662=ORIENTED_EDGE('',*,*,#1219,.T.);
#1663=ORIENTED_EDGE('',*,*,#1008,.F.);
#1664=ORIENTED_EDGE('',*,*,#1221,.F.);
#1665=ORIENTED_EDGE('',*,*,#1222,.T.);
#1666=ORIENTED_EDGE('',*,*,#1221,.T.);
#1667=ORIENTED_EDGE('',*,*,#1007,.F.);
#1668=ORIENTED_EDGE('',*,*,#1223,.F.);
#1669=ORIENTED_EDGE('',*,*,#1224,.T.);
#1670=ORIENTED_EDGE('',*,*,#1223,.T.);
#1671=ORIENTED_EDGE('',*,*,#1006,.F.);
#1672=ORIENTED_EDGE('',*,*,#1210,.F.);
#1673=ORIENTED_EDGE('',*,*,#1225,.T.);
#1674=ORIENTED_EDGE('',*,*,#1226,.T.);
#1675=ORIENTED_EDGE('',*,*,#1005,.F.);
#1676=ORIENTED_EDGE('',*,*,#1227,.F.);
#1677=ORIENTED_EDGE('',*,*,#1228,.T.);
#1678=ORIENTED_EDGE('',*,*,#1227,.T.);
#1679=ORIENTED_EDGE('',*,*,#1004,.F.);
#1680=ORIENTED_EDGE('',*,*,#1229,.F.);
#1681=ORIENTED_EDGE('',*,*,#1230,.T.);
#1682=ORIENTED_EDGE('',*,*,#1229,.T.);
#1683=ORIENTED_EDGE('',*,*,#1003,.F.);
#1684=ORIENTED_EDGE('',*,*,#1231,.F.);
#1685=ORIENTED_EDGE('',*,*,#1232,.T.);
#1686=ORIENTED_EDGE('',*,*,#1231,.T.);
#1687=ORIENTED_EDGE('',*,*,#1002,.F.);
#1688=ORIENTED_EDGE('',*,*,#1226,.F.);
#1689=ORIENTED_EDGE('',*,*,#1232,.F.);
#1690=ORIENTED_EDGE('',*,*,#1225,.F.);
#1691=ORIENTED_EDGE('',*,*,#1228,.F.);
#1692=ORIENTED_EDGE('',*,*,#1230,.F.);
#1693=ORIENTED_EDGE('',*,*,#975,.T.);
#1694=ORIENTED_EDGE('',*,*,#979,.T.);
#1695=ORIENTED_EDGE('',*,*,#982,.T.);
#1696=ORIENTED_EDGE('',*,*,#984,.T.);
#1697=ORIENTED_EDGE('',*,*,#1096,.F.);
#1698=ORIENTED_EDGE('',*,*,#1081,.F.);
#1699=ORIENTED_EDGE('',*,*,#1084,.F.);
#1700=ORIENTED_EDGE('',*,*,#1086,.F.);
#1701=ORIENTED_EDGE('',*,*,#1088,.F.);
#1702=ORIENTED_EDGE('',*,*,#1090,.F.);
#1703=ORIENTED_EDGE('',*,*,#1092,.F.);
#1704=ORIENTED_EDGE('',*,*,#1094,.F.);
#1705=ORIENTED_EDGE('',*,*,#1112,.F.);
#1706=ORIENTED_EDGE('',*,*,#1097,.F.);
#1707=ORIENTED_EDGE('',*,*,#1100,.F.);
#1708=ORIENTED_EDGE('',*,*,#1102,.F.);
#1709=ORIENTED_EDGE('',*,*,#1104,.F.);
#1710=ORIENTED_EDGE('',*,*,#1106,.F.);
#1711=ORIENTED_EDGE('',*,*,#1108,.F.);
#1712=ORIENTED_EDGE('',*,*,#1110,.F.);
#1713=ORIENTED_EDGE('',*,*,#1128,.F.);
#1714=ORIENTED_EDGE('',*,*,#1113,.F.);
#1715=ORIENTED_EDGE('',*,*,#1116,.F.);
#1716=ORIENTED_EDGE('',*,*,#1118,.F.);
#1717=ORIENTED_EDGE('',*,*,#1120,.F.);
#1718=ORIENTED_EDGE('',*,*,#1122,.F.);
#1719=ORIENTED_EDGE('',*,*,#1124,.F.);
#1720=ORIENTED_EDGE('',*,*,#1126,.F.);
#1721=ORIENTED_EDGE('',*,*,#1144,.F.);
#1722=ORIENTED_EDGE('',*,*,#1129,.F.);
#1723=ORIENTED_EDGE('',*,*,#1132,.F.);
#1724=ORIENTED_EDGE('',*,*,#1134,.F.);
#1725=ORIENTED_EDGE('',*,*,#1136,.F.);
#1726=ORIENTED_EDGE('',*,*,#1138,.F.);
#1727=ORIENTED_EDGE('',*,*,#1140,.F.);
#1728=ORIENTED_EDGE('',*,*,#1142,.F.);
#1729=ORIENTED_EDGE('',*,*,#1160,.F.);
#1730=ORIENTED_EDGE('',*,*,#1145,.F.);
#1731=ORIENTED_EDGE('',*,*,#1148,.F.);
#1732=ORIENTED_EDGE('',*,*,#1150,.F.);
#1733=ORIENTED_EDGE('',*,*,#1152,.F.);
#1734=ORIENTED_EDGE('',*,*,#1154,.F.);
#1735=ORIENTED_EDGE('',*,*,#1156,.F.);
#1736=ORIENTED_EDGE('',*,*,#1158,.F.);
#1737=ORIENTED_EDGE('',*,*,#1176,.F.);
#1738=ORIENTED_EDGE('',*,*,#1161,.F.);
#1739=ORIENTED_EDGE('',*,*,#1164,.F.);
#1740=ORIENTED_EDGE('',*,*,#1166,.F.);
#1741=ORIENTED_EDGE('',*,*,#1168,.F.);
#1742=ORIENTED_EDGE('',*,*,#1170,.F.);
#1743=ORIENTED_EDGE('',*,*,#1172,.F.);
#1744=ORIENTED_EDGE('',*,*,#1174,.F.);
#1745=ORIENTED_EDGE('',*,*,#1192,.F.);
#1746=ORIENTED_EDGE('',*,*,#1177,.F.);
#1747=ORIENTED_EDGE('',*,*,#1180,.F.);
#1748=ORIENTED_EDGE('',*,*,#1182,.F.);
#1749=ORIENTED_EDGE('',*,*,#1184,.F.);
#1750=ORIENTED_EDGE('',*,*,#1186,.F.);
#1751=ORIENTED_EDGE('',*,*,#1188,.F.);
#1752=ORIENTED_EDGE('',*,*,#1190,.F.);
#1753=ORIENTED_EDGE('',*,*,#1208,.F.);
#1754=ORIENTED_EDGE('',*,*,#1193,.F.);
#1755=ORIENTED_EDGE('',*,*,#1196,.F.);
#1756=ORIENTED_EDGE('',*,*,#1198,.F.);
#1757=ORIENTED_EDGE('',*,*,#1200,.F.);
#1758=ORIENTED_EDGE('',*,*,#1202,.F.);
#1759=ORIENTED_EDGE('',*,*,#1204,.F.);
#1760=ORIENTED_EDGE('',*,*,#1206,.F.);
#1761=ORIENTED_EDGE('',*,*,#1224,.F.);
#1762=ORIENTED_EDGE('',*,*,#1209,.F.);
#1763=ORIENTED_EDGE('',*,*,#1212,.F.);
#1764=ORIENTED_EDGE('',*,*,#1214,.F.);
#1765=ORIENTED_EDGE('',*,*,#1216,.F.);
#1766=ORIENTED_EDGE('',*,*,#1218,.F.);
#1767=ORIENTED_EDGE('',*,*,#1220,.F.);
#1768=ORIENTED_EDGE('',*,*,#1222,.F.);
#1769=ORIENTED_EDGE('',*,*,#998,.T.);
#1770=ORIENTED_EDGE('',*,*,#1001,.T.);
#1771=ORIENTED_EDGE('',*,*,#1079,.T.);
#1772=ORIENTED_EDGE('',*,*,#1080,.T.);
#1773=ORIENTED_EDGE('',*,*,#972,.T.);
#1774=ORIENTED_EDGE('',*,*,#969,.T.);
#1775=ORIENTED_EDGE('',*,*,#966,.T.);
#1776=ORIENTED_EDGE('',*,*,#963,.T.);
#1777=CYLINDRICAL_SURFACE('',#1925,1.7);
#1778=CYLINDRICAL_SURFACE('',#1928,1.7);
#1779=CYLINDRICAL_SURFACE('',#1931,1.7);
#1780=CYLINDRICAL_SURFACE('',#1934,1.7);
#1781=CYLINDRICAL_SURFACE('',#1987,0.499999999999998);
#1782=CYLINDRICAL_SURFACE('',#1990,0.499999999999998);
#1783=CYLINDRICAL_SURFACE('',#1993,0.500000000000007);
#1784=CYLINDRICAL_SURFACE('',#1996,0.499999999999998);
#1785=CYLINDRICAL_SURFACE('',#1999,0.499999999999989);
#1786=CYLINDRICAL_SURFACE('',#2002,0.499999999999998);
#1787=CYLINDRICAL_SURFACE('',#2005,0.500000000000003);
#1788=CYLINDRICAL_SURFACE('',#2008,0.499999999999998);
#1789=CYLINDRICAL_SURFACE('',#2011,0.5);
#1790=CYLINDRICAL_SURFACE('',#2014,0.499999999999998);
#1791=CYLINDRICAL_SURFACE('',#2017,0.499999999999998);
#1792=CYLINDRICAL_SURFACE('',#2020,0.499999999999998);
#1793=CYLINDRICAL_SURFACE('',#2023,0.499999999999998);
#1794=CYLINDRICAL_SURFACE('',#2026,0.499999999999998);
#1795=CYLINDRICAL_SURFACE('',#2029,0.500000000000007);
#1796=CYLINDRICAL_SURFACE('',#2032,0.499999999999998);
#1797=CYLINDRICAL_SURFACE('',#2035,0.499999999999998);
#1798=CYLINDRICAL_SURFACE('',#2038,0.499999999999998);
#1799=CYLINDRICAL_SURFACE('',#2041,0.499999999999998);
#1800=CYLINDRICAL_SURFACE('',#2044,0.499999999999998);
#1801=CYLINDRICAL_SURFACE('',#2047,0.499999999999998);
#1802=CYLINDRICAL_SURFACE('',#2050,0.500000000000003);
#1803=CYLINDRICAL_SURFACE('',#2053,0.500000000000007);
#1804=CYLINDRICAL_SURFACE('',#2056,0.499999999999989);
#1805=CYLINDRICAL_SURFACE('',#2059,0.5);
#1806=CYLINDRICAL_SURFACE('',#2062,0.499999999999998);
#1807=CYLINDRICAL_SURFACE('',#2065,0.499999999999998);
#1808=CYLINDRICAL_SURFACE('',#2068,0.499999999999998);
#1809=CYLINDRICAL_SURFACE('',#2071,0.499999999999998);
#1810=CYLINDRICAL_SURFACE('',#2074,0.499999999999998);
#1811=CYLINDRICAL_SURFACE('',#2077,0.499999999999998);
#1812=CYLINDRICAL_SURFACE('',#2080,0.499999999999998);
#1813=CYLINDRICAL_SURFACE('',#2083,0.5);
#1814=CYLINDRICAL_SURFACE('',#2086,0.500000000000003);
#1815=CYLINDRICAL_SURFACE('',#2089,0.499999999999998);
#1816=CYLINDRICAL_SURFACE('',#2092,0.499999999999989);
#1817=ADVANCED_FACE('',(#99),#1777,.F.);
#1818=ADVANCED_FACE('',(#100),#1778,.F.);
#1819=ADVANCED_FACE('',(#101),#1779,.F.);
#1820=ADVANCED_FACE('',(#102),#1780,.F.);
#1821=ADVANCED_FACE('',(#103),#45,.F.);
#1822=ADVANCED_FACE('',(#104),#46,.F.);
#1823=ADVANCED_FACE('',(#105),#47,.F.);
#1824=ADVANCED_FACE('',(#106),#48,.F.);
#1825=ADVANCED_FACE('',(#107),#49,.T.);
#1826=ADVANCED_FACE('',(#108),#50,.T.);
#1827=ADVANCED_FACE('',(#109),#51,.T.);
#1828=ADVANCED_FACE('',(#110),#52,.T.);
#1829=ADVANCED_FACE('',(#111),#53,.F.);
#1830=ADVANCED_FACE('',(#112),#54,.F.);
#1831=ADVANCED_FACE('',(#113,#15,#16,#17,#18,#19,#20,#21,#22,#23,#24,#25,
#26,#27,#28,#29),#55,.T.);
#1832=ADVANCED_FACE('',(#114),#56,.F.);
#1833=ADVANCED_FACE('',(#115),#57,.F.);
#1834=ADVANCED_FACE('',(#116),#58,.T.);
#1835=ADVANCED_FACE('',(#117),#1781,.F.);
#1836=ADVANCED_FACE('',(#118),#59,.T.);
#1837=ADVANCED_FACE('',(#119),#1782,.F.);
#1838=ADVANCED_FACE('',(#120),#60,.T.);
#1839=ADVANCED_FACE('',(#121),#1783,.F.);
#1840=ADVANCED_FACE('',(#122),#61,.T.);
#1841=ADVANCED_FACE('',(#123),#1784,.F.);
#1842=ADVANCED_FACE('',(#124),#62,.T.);
#1843=ADVANCED_FACE('',(#125),#1785,.F.);
#1844=ADVANCED_FACE('',(#126),#63,.T.);
#1845=ADVANCED_FACE('',(#127),#1786,.F.);
#1846=ADVANCED_FACE('',(#128),#64,.T.);
#1847=ADVANCED_FACE('',(#129),#1787,.F.);
#1848=ADVANCED_FACE('',(#130),#65,.T.);
#1849=ADVANCED_FACE('',(#131),#1788,.F.);
#1850=ADVANCED_FACE('',(#132),#66,.T.);
#1851=ADVANCED_FACE('',(#133),#1789,.F.);
#1852=ADVANCED_FACE('',(#134),#67,.T.);
#1853=ADVANCED_FACE('',(#135),#1790,.F.);
#1854=ADVANCED_FACE('',(#136),#68,.T.);
#1855=ADVANCED_FACE('',(#137),#1791,.F.);
#1856=ADVANCED_FACE('',(#138),#69,.T.);
#1857=ADVANCED_FACE('',(#139),#1792,.F.);
#1858=ADVANCED_FACE('',(#140),#70,.T.);
#1859=ADVANCED_FACE('',(#141),#1793,.F.);
#1860=ADVANCED_FACE('',(#142),#71,.T.);
#1861=ADVANCED_FACE('',(#143),#1794,.F.);
#1862=ADVANCED_FACE('',(#144),#72,.T.);
#1863=ADVANCED_FACE('',(#145),#1795,.F.);
#1864=ADVANCED_FACE('',(#146),#73,.T.);
#1865=ADVANCED_FACE('',(#147),#1796,.F.);
#1866=ADVANCED_FACE('',(#148),#74,.T.);
#1867=ADVANCED_FACE('',(#149),#1797,.F.);
#1868=ADVANCED_FACE('',(#150),#75,.T.);
#1869=ADVANCED_FACE('',(#151),#1798,.F.);
#1870=ADVANCED_FACE('',(#152),#76,.T.);
#1871=ADVANCED_FACE('',(#153),#1799,.F.);
#1872=ADVANCED_FACE('',(#154),#77,.T.);
#1873=ADVANCED_FACE('',(#155),#1800,.F.);
#1874=ADVANCED_FACE('',(#156),#78,.T.);
#1875=ADVANCED_FACE('',(#157),#1801,.F.);
#1876=ADVANCED_FACE('',(#158),#79,.T.);
#1877=ADVANCED_FACE('',(#159),#1802,.F.);
#1878=ADVANCED_FACE('',(#160),#80,.T.);
#1879=ADVANCED_FACE('',(#161),#1803,.F.);
#1880=ADVANCED_FACE('',(#162),#81,.T.);
#1881=ADVANCED_FACE('',(#163),#1804,.F.);
#1882=ADVANCED_FACE('',(#164),#82,.T.);
#1883=ADVANCED_FACE('',(#165),#1805,.F.);
#1884=ADVANCED_FACE('',(#166),#83,.T.);
#1885=ADVANCED_FACE('',(#167),#1806,.F.);
#1886=ADVANCED_FACE('',(#168),#84,.T.);
#1887=ADVANCED_FACE('',(#169),#1807,.F.);
#1888=ADVANCED_FACE('',(#170),#85,.T.);
#1889=ADVANCED_FACE('',(#171),#1808,.F.);
#1890=ADVANCED_FACE('',(#172),#86,.T.);
#1891=ADVANCED_FACE('',(#173),#1809,.F.);
#1892=ADVANCED_FACE('',(#174),#87,.T.);
#1893=ADVANCED_FACE('',(#175),#1810,.F.);
#1894=ADVANCED_FACE('',(#176),#88,.T.);
#1895=ADVANCED_FACE('',(#177),#1811,.F.);
#1896=ADVANCED_FACE('',(#178),#89,.T.);
#1897=ADVANCED_FACE('',(#179),#1812,.F.);
#1898=ADVANCED_FACE('',(#180),#90,.T.);
#1899=ADVANCED_FACE('',(#181),#1813,.F.);
#1900=ADVANCED_FACE('',(#182),#91,.T.);
#1901=ADVANCED_FACE('',(#183),#1814,.F.);
#1902=ADVANCED_FACE('',(#184),#92,.T.);
#1903=ADVANCED_FACE('',(#185),#1815,.F.);
#1904=ADVANCED_FACE('',(#186),#93,.T.);
#1905=ADVANCED_FACE('',(#187),#1816,.F.);
#1906=ADVANCED_FACE('',(#188),#94,.T.);
#1907=ADVANCED_FACE('',(#189),#95,.T.);
#1908=ADVANCED_FACE('',(#190),#96,.T.);
#1909=ADVANCED_FACE('',(#191),#97,.T.);
#1910=ADVANCED_FACE('',(#192,#30,#31,#32,#33,#34,#35,#36,#37,#38,#39,#40,
#41,#42,#43,#44),#98,.F.);
#1911=CLOSED_SHELL('',(#1817,#1818,#1819,#1820,#1821,#1822,#1823,#1824,
#1825,#1826,#1827,#1828,#1829,#1830,#1831,#1832,#1833,#1834,#1835,#1836,
#1837,#1838,#1839,#1840,#1841,#1842,#1843,#1844,#1845,#1846,#1847,#1848,
#1849,#1850,#1851,#1852,#1853,#1854,#1855,#1856,#1857,#1858,#1859,#1860,
#1861,#1862,#1863,#1864,#1865,#1866,#1867,#1868,#1869,#1870,#1871,#1872,
#1873,#1874,#1875,#1876,#1877,#1878,#1879,#1880,#1881,#1882,#1883,#1884,
#1885,#1886,#1887,#1888,#1889,#1890,#1891,#1892,#1893,#1894,#1895,#1896,
#1897,#1898,#1899,#1900,#1901,#1902,#1903,#1904,#1905,#1906,#1907,#1908,
#1909,#1910));
#1912=DERIVED_UNIT_ELEMENT(#1914,1.);
#1913=DERIVED_UNIT_ELEMENT(#3193,-3.);
#1914=(
MASS_UNIT()
NAMED_UNIT(*)
SI_UNIT(.KILO.,.GRAM.)
);
#1915=DERIVED_UNIT((#1912,#1913));
#1916=MEASURE_REPRESENTATION_ITEM('density measure',
POSITIVE_RATIO_MEASURE(7850.),#1915);
#1917=PROPERTY_DEFINITION_REPRESENTATION(#1922,#1919);
#1918=PROPERTY_DEFINITION_REPRESENTATION(#1923,#1920);
#1919=REPRESENTATION('material name',(#1921),#3190);
#1920=REPRESENTATION('density',(#1916),#3190);
#1921=DESCRIPTIVE_REPRESENTATION_ITEM('Steel','Steel');
#1922=PROPERTY_DEFINITION('material property','material name',#3200);
#1923=PROPERTY_DEFINITION('material property','density of part',#3200);
#1924=AXIS2_PLACEMENT_3D('',#2641,#2099,#2100);
#1925=AXIS2_PLACEMENT_3D('',#2642,#2101,#2102);
#1926=AXIS2_PLACEMENT_3D('',#2644,#2103,#2104);
#1927=AXIS2_PLACEMENT_3D('',#2647,#2106,#2107);
#1928=AXIS2_PLACEMENT_3D('',#2648,#2108,#2109);
#1929=AXIS2_PLACEMENT_3D('',#2650,#2110,#2111);
#1930=AXIS2_PLACEMENT_3D('',#2653,#2113,#2114);
#1931=AXIS2_PLACEMENT_3D('',#2654,#2115,#2116);
#1932=AXIS2_PLACEMENT_3D('',#2656,#2117,#2118);
#1933=AXIS2_PLACEMENT_3D('',#2659,#2120,#2121);
#1934=AXIS2_PLACEMENT_3D('',#2660,#2122,#2123);
#1935=AXIS2_PLACEMENT_3D('',#2662,#2124,#2125);
#1936=AXIS2_PLACEMENT_3D('',#2665,#2127,#2128);
#1937=AXIS2_PLACEMENT_3D('',#2666,#2129,#2130);
#1938=AXIS2_PLACEMENT_3D('',#2675,#2135,#2136);
#1939=AXIS2_PLACEMENT_3D('',#2681,#2140,#2141);
#1940=AXIS2_PLACEMENT_3D('',#2687,#2145,#2146);
#1941=AXIS2_PLACEMENT_3D('',#2690,#2149,#2150);
#1942=AXIS2_PLACEMENT_3D('',#2699,#2155,#2156);
#1943=AXIS2_PLACEMENT_3D('',#2705,#2160,#2161);
#1944=AXIS2_PLACEMENT_3D('',#2711,#2165,#2166);
#1945=AXIS2_PLACEMENT_3D('',#2714,#2169,#2170);
#1946=AXIS2_PLACEMENT_3D('',#2720,#2174,#2175);
#1947=AXIS2_PLACEMENT_3D('',#2724,#2178,#2179);
#1948=AXIS2_PLACEMENT_3D('',#2735,#2184,#2185);
#1949=AXIS2_PLACEMENT_3D('',#2739,#2187,#2188);
#1950=AXIS2_PLACEMENT_3D('',#2743,#2190,#2191);
#1951=AXIS2_PLACEMENT_3D('',#2747,#2193,#2194);
#1952=AXIS2_PLACEMENT_3D('',#2751,#2196,#2197);
#1953=AXIS2_PLACEMENT_3D('',#2755,#2199,#2200);
#1954=AXIS2_PLACEMENT_3D('',#2759,#2202,#2203);
#1955=AXIS2_PLACEMENT_3D('',#2763,#2205,#2206);
#1956=AXIS2_PLACEMENT_3D('',#2767,#2208,#2209);
#1957=AXIS2_PLACEMENT_3D('',#2771,#2211,#2212);
#1958=AXIS2_PLACEMENT_3D('',#2775,#2214,#2215);
#1959=AXIS2_PLACEMENT_3D('',#2779,#2217,#2218);
#1960=AXIS2_PLACEMENT_3D('',#2783,#2220,#2221);
#1961=AXIS2_PLACEMENT_3D('',#2787,#2223,#2224);
#1962=AXIS2_PLACEMENT_3D('',#2791,#2226,#2227);
#1963=AXIS2_PLACEMENT_3D('',#2795,#2229,#2230);
#1964=AXIS2_PLACEMENT_3D('',#2799,#2232,#2233);
#1965=AXIS2_PLACEMENT_3D('',#2803,#2235,#2236);
#1966=AXIS2_PLACEMENT_3D('',#2807,#2238,#2239);
#1967=AXIS2_PLACEMENT_3D('',#2811,#2241,#2242);
#1968=AXIS2_PLACEMENT_3D('',#2815,#2244,#2245);
#1969=AXIS2_PLACEMENT_3D('',#2819,#2247,#2248);
#1970=AXIS2_PLACEMENT_3D('',#2823,#2250,#2251);
#1971=AXIS2_PLACEMENT_3D('',#2827,#2253,#2254);
#1972=AXIS2_PLACEMENT_3D('',#2831,#2256,#2257);
#1973=AXIS2_PLACEMENT_3D('',#2835,#2259,#2260);
#1974=AXIS2_PLACEMENT_3D('',#2839,#2262,#2263);
#1975=AXIS2_PLACEMENT_3D('',#2843,#2265,#2266);
#1976=AXIS2_PLACEMENT_3D('',#2847,#2268,#2269);
#1977=AXIS2_PLACEMENT_3D('',#2851,#2271,#2272);
#1978=AXIS2_PLACEMENT_3D('',#2855,#2274,#2275);
#1979=AXIS2_PLACEMENT_3D('',#2859,#2277,#2278);
#1980=AXIS2_PLACEMENT_3D('',#2863,#2280,#2281);
#1981=AXIS2_PLACEMENT_3D('',#2867,#2283,#2284);
#1982=AXIS2_PLACEMENT_3D('',#2871,#2286,#2287);
#1983=AXIS2_PLACEMENT_3D('',#2875,#2289,#2290);
#1984=AXIS2_PLACEMENT_3D('',#2877,#2292,#2293);
#1985=AXIS2_PLACEMENT_3D('',#2881,#2296,#2297);
#1986=AXIS2_PLACEMENT_3D('',#2883,#2299,#2300);
#1987=AXIS2_PLACEMENT_3D('',#2889,#2304,#2305);
#1988=AXIS2_PLACEMENT_3D('',#2891,#2306,#2307);
#1989=AXIS2_PLACEMENT_3D('',#2893,#2309,#2310);
#1990=AXIS2_PLACEMENT_3D('',#2897,#2313,#2314);
#1991=AXIS2_PLACEMENT_3D('',#2899,#2315,#2316);
#1992=AXIS2_PLACEMENT_3D('',#2901,#2318,#2319);
#1993=AXIS2_PLACEMENT_3D('',#2905,#2322,#2323);
#1994=AXIS2_PLACEMENT_3D('',#2907,#2324,#2325);
#1995=AXIS2_PLACEMENT_3D('',#2909,#2327,#2328);
#1996=AXIS2_PLACEMENT_3D('',#2913,#2331,#2332);
#1997=AXIS2_PLACEMENT_3D('',#2914,#2333,#2334);
#1998=AXIS2_PLACEMENT_3D('',#2915,#2335,#2336);
#1999=AXIS2_PLACEMENT_3D('',#2921,#2340,#2341);
#2000=AXIS2_PLACEMENT_3D('',#2923,#2342,#2343);
#2001=AXIS2_PLACEMENT_3D('',#2925,#2345,#2346);
#2002=AXIS2_PLACEMENT_3D('',#2929,#2349,#2350);
#2003=AXIS2_PLACEMENT_3D('',#2931,#2351,#2352);
#2004=AXIS2_PLACEMENT_3D('',#2933,#2354,#2355);
#2005=AXIS2_PLACEMENT_3D('',#2937,#2358,#2359);
#2006=AXIS2_PLACEMENT_3D('',#2939,#2360,#2361);
#2007=AXIS2_PLACEMENT_3D('',#2941,#2363,#2364);
#2008=AXIS2_PLACEMENT_3D('',#2945,#2367,#2368);
#2009=AXIS2_PLACEMENT_3D('',#2946,#2369,#2370);
#2010=AXIS2_PLACEMENT_3D('',#2947,#2371,#2372);
#2011=AXIS2_PLACEMENT_3D('',#2953,#2376,#2377);
#2012=AXIS2_PLACEMENT_3D('',#2955,#2378,#2379);
#2013=AXIS2_PLACEMENT_3D('',#2957,#2381,#2382);
#2014=AXIS2_PLACEMENT_3D('',#2961,#2385,#2386);
#2015=AXIS2_PLACEMENT_3D('',#2963,#2387,#2388);
#2016=AXIS2_PLACEMENT_3D('',#2965,#2390,#2391);
#2017=AXIS2_PLACEMENT_3D('',#2969,#2394,#2395);
#2018=AXIS2_PLACEMENT_3D('',#2971,#2396,#2397);
#2019=AXIS2_PLACEMENT_3D('',#2973,#2399,#2400);
#2020=AXIS2_PLACEMENT_3D('',#2977,#2403,#2404);
#2021=AXIS2_PLACEMENT_3D('',#2978,#2405,#2406);
#2022=AXIS2_PLACEMENT_3D('',#2979,#2407,#2408);
#2023=AXIS2_PLACEMENT_3D('',#2985,#2412,#2413);
#2024=AXIS2_PLACEMENT_3D('',#2987,#2414,#2415);
#2025=AXIS2_PLACEMENT_3D('',#2989,#2417,#2418);
#2026=AXIS2_PLACEMENT_3D('',#2993,#2421,#2422);
#2027=AXIS2_PLACEMENT_3D('',#2995,#2423,#2424);
#2028=AXIS2_PLACEMENT_3D('',#2997,#2426,#2427);
#2029=AXIS2_PLACEMENT_3D('',#3001,#2430,#2431);
#2030=AXIS2_PLACEMENT_3D('',#3003,#2432,#2433);
#2031=AXIS2_PLACEMENT_3D('',#3005,#2435,#2436);
#2032=AXIS2_PLACEMENT_3D('',#3009,#2439,#2440);
#2033=AXIS2_PLACEMENT_3D('',#3010,#2441,#2442);
#2034=AXIS2_PLACEMENT_3D('',#3011,#2443,#2444);
#2035=AXIS2_PLACEMENT_3D('',#3017,#2448,#2449);
#2036=AXIS2_PLACEMENT_3D('',#3019,#2450,#2451);
#2037=AXIS2_PLACEMENT_3D('',#3021,#2453,#2454);
#2038=AXIS2_PLACEMENT_3D('',#3025,#2457,#2458);
#2039=AXIS2_PLACEMENT_3D('',#3027,#2459,#2460);
#2040=AXIS2_PLACEMENT_3D('',#3029,#2462,#2463);
#2041=AXIS2_PLACEMENT_3D('',#3033,#2466,#2467);
#2042=AXIS2_PLACEMENT_3D('',#3035,#2468,#2469);
#2043=AXIS2_PLACEMENT_3D('',#3037,#2471,#2472);
#2044=AXIS2_PLACEMENT_3D('',#3041,#2475,#2476);
#2045=AXIS2_PLACEMENT_3D('',#3042,#2477,#2478);
#2046=AXIS2_PLACEMENT_3D('',#3043,#2479,#2480);
#2047=AXIS2_PLACEMENT_3D('',#3049,#2484,#2485);
#2048=AXIS2_PLACEMENT_3D('',#3051,#2486,#2487);
#2049=AXIS2_PLACEMENT_3D('',#3053,#2489,#2490);
#2050=AXIS2_PLACEMENT_3D('',#3057,#2493,#2494);
#2051=AXIS2_PLACEMENT_3D('',#3059,#2495,#2496);
#2052=AXIS2_PLACEMENT_3D('',#3061,#2498,#2499);
#2053=AXIS2_PLACEMENT_3D('',#3065,#2502,#2503);
#2054=AXIS2_PLACEMENT_3D('',#3067,#2504,#2505);
#2055=AXIS2_PLACEMENT_3D('',#3069,#2507,#2508);
#2056=AXIS2_PLACEMENT_3D('',#3073,#2511,#2512);
#2057=AXIS2_PLACEMENT_3D('',#3074,#2513,#2514);
#2058=AXIS2_PLACEMENT_3D('',#3075,#2515,#2516);
#2059=AXIS2_PLACEMENT_3D('',#3081,#2520,#2521);
#2060=AXIS2_PLACEMENT_3D('',#3083,#2522,#2523);
#2061=AXIS2_PLACEMENT_3D('',#3085,#2525,#2526);
#2062=AXIS2_PLACEMENT_3D('',#3089,#2529,#2530);
#2063=AXIS2_PLACEMENT_3D('',#3091,#2531,#2532);
#2064=AXIS2_PLACEMENT_3D('',#3093,#2534,#2535);
#2065=AXIS2_PLACEMENT_3D('',#3097,#2538,#2539);
#2066=AXIS2_PLACEMENT_3D('',#3099,#2540,#2541);
#2067=AXIS2_PLACEMENT_3D('',#3101,#2543,#2544);
#2068=AXIS2_PLACEMENT_3D('',#3105,#2547,#2548);
#2069=AXIS2_PLACEMENT_3D('',#3106,#2549,#2550);
#2070=AXIS2_PLACEMENT_3D('',#3107,#2551,#2552);
#2071=AXIS2_PLACEMENT_3D('',#3113,#2556,#2557);
#2072=AXIS2_PLACEMENT_3D('',#3115,#2558,#2559);
#2073=AXIS2_PLACEMENT_3D('',#3117,#2561,#2562);
#2074=AXIS2_PLACEMENT_3D('',#3121,#2565,#2566);
#2075=AXIS2_PLACEMENT_3D('',#3123,#2567,#2568);
#2076=AXIS2_PLACEMENT_3D('',#3125,#2570,#2571);
#2077=AXIS2_PLACEMENT_3D('',#3129,#2574,#2575);
#2078=AXIS2_PLACEMENT_3D('',#3131,#2576,#2577);
#2079=AXIS2_PLACEMENT_3D('',#3133,#2579,#2580);
#2080=AXIS2_PLACEMENT_3D('',#3137,#2583,#2584);
#2081=AXIS2_PLACEMENT_3D('',#3138,#2585,#2586);
#2082=AXIS2_PLACEMENT_3D('',#3139,#2587,#2588);
#2083=AXIS2_PLACEMENT_3D('',#3145,#2592,#2593);
#2084=AXIS2_PLACEMENT_3D('',#3147,#2594,#2595);
#2085=AXIS2_PLACEMENT_3D('',#3149,#2597,#2598);
#2086=AXIS2_PLACEMENT_3D('',#3153,#2601,#2602);
#2087=AXIS2_PLACEMENT_3D('',#3155,#2603,#2604);
#2088=AXIS2_PLACEMENT_3D('',#3157,#2606,#2607);
#2089=AXIS2_PLACEMENT_3D('',#3161,#2610,#2611);
#2090=AXIS2_PLACEMENT_3D('',#3163,#2612,#2613);
#2091=AXIS2_PLACEMENT_3D('',#3165,#2615,#2616);
#2092=AXIS2_PLACEMENT_3D('',#3169,#2619,#2620);
#2093=AXIS2_PLACEMENT_3D('',#3170,#2621,#2622);
#2094=AXIS2_PLACEMENT_3D('',#3171,#2623,#2624);
#2095=AXIS2_PLACEMENT_3D('',#3177,#2628,#2629);
#2096=AXIS2_PLACEMENT_3D('',#3181,#2632,#2633);
#2097=AXIS2_PLACEMENT_3D('',#3185,#2636,#2637);
#2098=AXIS2_PLACEMENT_3D('',#3187,#2639,#2640);
#2099=DIRECTION('axis',(0.,0.,1.));
#2100=DIRECTION('refdir',(1.,0.,0.));
#2101=DIRECTION('center_axis',(0.,0.,-1.));
#2102=DIRECTION('ref_axis',(-1.,0.,0.));
#2103=DIRECTION('center_axis',(0.,0.,-1.));
#2104=DIRECTION('ref_axis',(-1.,0.,0.));
#2105=DIRECTION('',(0.,0.,-1.));
#2106=DIRECTION('center_axis',(0.,0.,1.));
#2107=DIRECTION('ref_axis',(-1.,0.,0.));
#2108=DIRECTION('center_axis',(0.,0.,-1.));
#2109=DIRECTION('ref_axis',(-1.,0.,0.));
#2110=DIRECTION('center_axis',(0.,0.,-1.));
#2111=DIRECTION('ref_axis',(-1.,0.,0.));
#2112=DIRECTION('',(0.,0.,-1.));
#2113=DIRECTION('center_axis',(0.,0.,1.));
#2114=DIRECTION('ref_axis',(-1.,0.,0.));
#2115=DIRECTION('center_axis',(0.,0.,-1.));
#2116=DIRECTION('ref_axis',(-1.,0.,0.));
#2117=DIRECTION('center_axis',(0.,0.,-1.));
#2118=DIRECTION('ref_axis',(-1.,0.,0.));
#2119=DIRECTION('',(0.,0.,-1.));
#2120=DIRECTION('center_axis',(0.,0.,1.));
#2121=DIRECTION('ref_axis',(-1.,0.,0.));
#2122=DIRECTION('center_axis',(0.,0.,-1.));
#2123=DIRECTION('ref_axis',(-1.,0.,0.));
#2124=DIRECTION('center_axis',(0.,0.,-1.));
#2125=DIRECTION('ref_axis',(-1.,0.,0.));
#2126=DIRECTION('',(0.,0.,-1.));
#2127=DIRECTION('center_axis',(0.,0.,1.));
#2128=DIRECTION('ref_axis',(-1.,0.,0.));
#2129=DIRECTION('center_axis',(0.,1.,0.));
#2130=DIRECTION('ref_axis',(1.,0.,0.));
#2131=DIRECTION('',(1.,0.,0.));
#2132=DIRECTION('',(0.,0.,-1.));
#2133=DIRECTION('',(-1.,0.,0.));
#2134=DIRECTION('',(0.,0.,-1.));
#2135=DIRECTION('center_axis',(-1.,0.,0.));
#2136=DIRECTION('ref_axis',(0.,1.,0.));
#2137=DIRECTION('',(0.,1.,0.));
#2138=DIRECTION('',(0.,0.,-1.));
#2139=DIRECTION('',(0.,-1.,0.));
#2140=DIRECTION('center_axis',(0.,-1.,0.));
#2141=DIRECTION('ref_axis',(-1.,0.,0.));
#2142=DIRECTION('',(-1.,0.,0.));
#2143=DIRECTION('',(0.,0.,-1.));
#2144=DIRECTION('',(1.,0.,0.));
#2145=DIRECTION('center_axis',(1.,0.,0.));
#2146=DIRECTION('ref_axis',(0.,-1.,0.));
#2147=DIRECTION('',(0.,-1.,0.));
#2148=DIRECTION('',(0.,1.,0.));
#2149=DIRECTION('center_axis',(0.707106781186548,0.,0.707106781186548));
#2150=DIRECTION('ref_axis',(0.707106781186548,0.,-0.707106781186548));
#2151=DIRECTION('',(0.,-1.,0.));
#2152=DIRECTION('',(0.577350269189622,0.577350269189633,-0.577350269189622));
#2153=DIRECTION('',(0.,1.,0.));
#2154=DIRECTION('',(0.577350269189622,-0.577350269189633,-0.577350269189622));
#2155=DIRECTION('center_axis',(0.,0.707106781186541,0.707106781186554));
#2156=DIRECTION('ref_axis',(1.,0.,0.));
#2157=DIRECTION('',(1.,0.,0.));
#2158=DIRECTION('',(-0.577350269189629,0.577350269189629,-0.577350269189619));
#2159=DIRECTION('',(-1.,0.,0.));
#2160=DIRECTION('center_axis',(0.,-0.707106781186541,0.707106781186554));
#2161=DIRECTION('ref_axis',(1.,0.,0.));
#2162=DIRECTION('',(1.,0.,0.));
#2163=DIRECTION('',(0.577350269189629,0.577350269189629,0.577350269189619));
#2164=DIRECTION('',(-1.,0.,0.));
#2165=DIRECTION('center_axis',(-0.707106781186541,0.,0.707106781186554));
#2166=DIRECTION('ref_axis',(0.707106781186554,0.,0.707106781186541));
#2167=DIRECTION('',(0.,1.,0.));
#2168=DIRECTION('',(0.,-1.,0.));
#2169=DIRECTION('center_axis',(0.,1.,0.));
#2170=DIRECTION('ref_axis',(1.,0.,0.));
#2171=DIRECTION('',(0.,0.,-1.));
#2172=DIRECTION('',(-1.,0.,0.));
#2173=DIRECTION('',(0.,0.,-1.));
#2174=DIRECTION('center_axis',(-1.,0.,0.));
#2175=DIRECTION('ref_axis',(0.,1.,0.));
#2176=DIRECTION('',(0.,0.,-1.));
#2177=DIRECTION('',(0.,-1.,0.));
#2178=DIRECTION('center_axis',(0.,0.,1.));
#2179=DIRECTION('ref_axis',(-1.,0.,0.));
#2180=DIRECTION('',(1.,0.,0.));
#2181=DIRECTION('',(0.,1.,0.));
#2182=DIRECTION('',(-1.,0.,0.));
#2183=DIRECTION('',(0.,-1.,0.));
#2184=DIRECTION('center_axis',(0.,0.,-1.));
#2185=DIRECTION('ref_axis',(0.,1.,0.));
#2186=DIRECTION('',(1.,0.,0.));
#2187=DIRECTION('center_axis',(0.,0.,-1.));
#2188=DIRECTION('ref_axis',(1.,0.,0.));
#2189=DIRECTION('',(0.,-1.,0.));
#2190=DIRECTION('center_axis',(0.,0.,-1.));
#2191=DIRECTION('ref_axis',(0.,-1.,0.));
#2192=DIRECTION('',(-1.,0.,0.));
#2193=DIRECTION('center_axis',(0.,0.,-1.));
#2194=DIRECTION('ref_axis',(-1.,8.88178419700124E-15,0.));
#2195=DIRECTION('',(0.,1.,0.));
#2196=DIRECTION('center_axis',(0.,0.,-1.));
#2197=DIRECTION('ref_axis',(0.,1.,0.));
#2198=DIRECTION('',(1.,0.,0.));
#2199=DIRECTION('center_axis',(0.,0.,-1.));
#2200=DIRECTION('ref_axis',(1.,0.,0.));
#2201=DIRECTION('',(0.,-1.,0.));
#2202=DIRECTION('center_axis',(0.,0.,-1.));
#2203=DIRECTION('ref_axis',(0.,-1.,0.));
#2204=DIRECTION('',(-1.,0.,0.));
#2205=DIRECTION('center_axis',(0.,0.,-1.));
#2206=DIRECTION('ref_axis',(-1.,0.,0.));
#2207=DIRECTION('',(0.,1.,0.));
#2208=DIRECTION('center_axis',(0.,0.,-1.));
#2209=DIRECTION('ref_axis',(0.,1.,0.));
#2210=DIRECTION('',(1.,0.,0.));
#2211=DIRECTION('center_axis',(0.,0.,-1.));
#2212=DIRECTION('ref_axis',(1.,0.,0.));
#2213=DIRECTION('',(0.,-1.,0.));
#2214=DIRECTION('center_axis',(0.,0.,-1.));
#2215=DIRECTION('ref_axis',(0.,-1.,0.));
#2216=DIRECTION('',(-1.,0.,0.));
#2217=DIRECTION('center_axis',(0.,0.,-1.));
#2218=DIRECTION('ref_axis',(-1.,-2.22044604925031E-15,0.));
#2219=DIRECTION('',(0.,1.,0.));
#2220=DIRECTION('center_axis',(0.,0.,-1.));
#2221=DIRECTION('ref_axis',(0.,1.,0.));
#2222=DIRECTION('',(1.,0.,0.));
#2223=DIRECTION('center_axis',(0.,0.,-1.));
#2224=DIRECTION('ref_axis',(1.,0.,0.));
#2225=DIRECTION('',(0.,-1.,0.));
#2226=DIRECTION('center_axis',(0.,0.,-1.));
#2227=DIRECTION('ref_axis',(0.,-1.,0.));
#2228=DIRECTION('',(-1.,0.,0.));
#2229=DIRECTION('center_axis',(0.,0.,-1.));
#2230=DIRECTION('ref_axis',(-1.,8.88178419700128E-15,0.));
#2231=DIRECTION('',(0.,1.,0.));
#2232=DIRECTION('center_axis',(0.,0.,-1.));
#2233=DIRECTION('ref_axis',(0.,1.,0.));
#2234=DIRECTION('',(1.,0.,0.));
#2235=DIRECTION('center_axis',(0.,0.,-1.));
#2236=DIRECTION('ref_axis',(1.,0.,0.));
#2237=DIRECTION('',(0.,-1.,0.));
#2238=DIRECTION('center_axis',(0.,0.,-1.));
#2239=DIRECTION('ref_axis',(0.,-1.,0.));
#2240=DIRECTION('',(-1.,0.,0.));
#2241=DIRECTION('center_axis',(0.,0.,-1.));
#2242=DIRECTION('ref_axis',(-1.,-2.22044604925032E-15,0.));
#2243=DIRECTION('',(0.,1.,0.));
#2244=DIRECTION('center_axis',(0.,0.,-1.));
#2245=DIRECTION('ref_axis',(0.,1.,0.));
#2246=DIRECTION('',(1.,0.,0.));
#2247=DIRECTION('center_axis',(0.,0.,-1.));
#2248=DIRECTION('ref_axis',(1.,0.,0.));
#2249=DIRECTION('',(0.,-1.,0.));
#2250=DIRECTION('center_axis',(0.,0.,-1.));
#2251=DIRECTION('ref_axis',(0.,-1.,0.));
#2252=DIRECTION('',(-1.,0.,0.));
#2253=DIRECTION('center_axis',(0.,0.,-1.));
#2254=DIRECTION('ref_axis',(-1.,-2.22044604925032E-15,0.));
#2255=DIRECTION('',(0.,1.,0.));
#2256=DIRECTION('center_axis',(0.,0.,-1.));
#2257=DIRECTION('ref_axis',(0.,1.,0.));
#2258=DIRECTION('',(1.,0.,0.));
#2259=DIRECTION('center_axis',(0.,0.,-1.));
#2260=DIRECTION('ref_axis',(1.,0.,0.));
#2261=DIRECTION('',(0.,-1.,0.));
#2262=DIRECTION('center_axis',(0.,0.,-1.));
#2263=DIRECTION('ref_axis',(0.,-1.,0.));
#2264=DIRECTION('',(-1.,0.,0.));
#2265=DIRECTION('center_axis',(0.,0.,-1.));
#2266=DIRECTION('ref_axis',(-1.,0.,0.));
#2267=DIRECTION('',(0.,1.,0.));
#2268=DIRECTION('center_axis',(0.,0.,-1.));
#2269=DIRECTION('ref_axis',(1.,0.,0.));
#2270=DIRECTION('',(0.,-1.,0.));
#2271=DIRECTION('center_axis',(0.,0.,-1.));
#2272=DIRECTION('ref_axis',(0.,-1.,0.));
#2273=DIRECTION('',(-1.,0.,0.));
#2274=DIRECTION('center_axis',(0.,0.,-1.));
#2275=DIRECTION('ref_axis',(-1.,8.88178419700128E-15,0.));
#2276=DIRECTION('',(0.,1.,0.));
#2277=DIRECTION('center_axis',(0.,0.,-1.));
#2278=DIRECTION('ref_axis',(0.,1.,0.));
#2279=DIRECTION('',(1.,0.,0.));
#2280=DIRECTION('center_axis',(0.,0.,-1.));
#2281=DIRECTION('ref_axis',(0.,1.,0.));
#2282=DIRECTION('',(1.,0.,0.));
#2283=DIRECTION('center_axis',(0.,0.,-1.));
#2284=DIRECTION('ref_axis',(1.,0.,0.));
#2285=DIRECTION('',(0.,-1.,0.));
#2286=DIRECTION('center_axis',(0.,0.,-1.));
#2287=DIRECTION('ref_axis',(0.,-1.,0.));
#2288=DIRECTION('',(-1.,0.,0.));
#2289=DIRECTION('center_axis',(0.,0.,-1.));
#2290=DIRECTION('ref_axis',(-1.,0.,0.));
#2291=DIRECTION('',(0.,1.,0.));
#2292=DIRECTION('center_axis',(0.,-1.,0.));
#2293=DIRECTION('ref_axis',(-1.,0.,0.));
#2294=DIRECTION('',(0.,0.,-1.));
#2295=DIRECTION('',(1.,0.,0.));
#2296=DIRECTION('center_axis',(1.,0.,0.));
#2297=DIRECTION('ref_axis',(0.,-1.,0.));
#2298=DIRECTION('',(0.,1.,0.));
#2299=DIRECTION('center_axis',(1.,0.,0.));
#2300=DIRECTION('ref_axis',(0.,1.,0.));
#2301=DIRECTION('',(0.,1.,0.));
#2302=DIRECTION('',(0.,0.,1.));
#2303=DIRECTION('',(0.,0.,1.));
#2304=DIRECTION('center_axis',(0.,0.,1.));
#2305=DIRECTION('ref_axis',(-1.,0.,0.));
#2306=DIRECTION('center_axis',(0.,0.,-1.));
#2307=DIRECTION('ref_axis',(-1.,0.,0.));
#2308=DIRECTION('',(0.,0.,1.));
#2309=DIRECTION('center_axis',(0.,1.,0.));
#2310=DIRECTION('ref_axis',(-1.,0.,0.));
#2311=DIRECTION('',(-1.,0.,0.));
#2312=DIRECTION('',(0.,0.,1.));
#2313=DIRECTION('center_axis',(0.,0.,1.));
#2314=DIRECTION('ref_axis',(0.,-1.,0.));
#2315=DIRECTION('center_axis',(0.,0.,-1.));
#2316=DIRECTION('ref_axis',(0.,-1.,0.));
#2317=DIRECTION('',(0.,0.,1.));
#2318=DIRECTION('center_axis',(-1.,0.,0.));
#2319=DIRECTION('ref_axis',(0.,-1.,0.));
#2320=DIRECTION('',(0.,-1.,0.));
#2321=DIRECTION('',(0.,0.,1.));
#2322=DIRECTION('center_axis',(0.,0.,1.));
#2323=DIRECTION('ref_axis',(1.,0.,0.));
#2324=DIRECTION('center_axis',(0.,0.,-1.));
#2325=DIRECTION('ref_axis',(1.,0.,0.));
#2326=DIRECTION('',(0.,0.,1.));
#2327=DIRECTION('center_axis',(0.,-1.,0.));
#2328=DIRECTION('ref_axis',(1.,0.,0.));
#2329=DIRECTION('',(1.,0.,0.));
#2330=DIRECTION('',(0.,0.,1.));
#2331=DIRECTION('center_axis',(0.,0.,1.));
#2332=DIRECTION('ref_axis',(0.,1.,0.));
#2333=DIRECTION('center_axis',(0.,0.,-1.));
#2334=DIRECTION('ref_axis',(0.,1.,0.));
#2335=DIRECTION('center_axis',(0.,-1.,0.));
#2336=DIRECTION('ref_axis',(1.,0.,0.));
#2337=DIRECTION('',(1.,0.,0.));
#2338=DIRECTION('',(0.,0.,1.));
#2339=DIRECTION('',(0.,0.,1.));
#2340=DIRECTION('center_axis',(0.,0.,1.));
#2341=DIRECTION('ref_axis',(0.,1.,0.));
#2342=DIRECTION('center_axis',(0.,0.,-1.));
#2343=DIRECTION('ref_axis',(0.,1.,0.));
#2344=DIRECTION('',(0.,0.,1.));
#2345=DIRECTION('center_axis',(1.,0.,0.));
#2346=DIRECTION('ref_axis',(0.,1.,0.));
#2347=DIRECTION('',(0.,1.,0.));
#2348=DIRECTION('',(0.,0.,1.));
#2349=DIRECTION('center_axis',(0.,0.,1.));
#2350=DIRECTION('ref_axis',(-1.,8.88178419700128E-15,0.));
#2351=DIRECTION('center_axis',(0.,0.,-1.));
#2352=DIRECTION('ref_axis',(-1.,8.88178419700128E-15,0.));
#2353=DIRECTION('',(0.,0.,1.));
#2354=DIRECTION('center_axis',(0.,1.,0.));
#2355=DIRECTION('ref_axis',(-1.,0.,0.));
#2356=DIRECTION('',(-1.,0.,0.));
#2357=DIRECTION('',(0.,0.,1.));
#2358=DIRECTION('center_axis',(0.,0.,1.));
#2359=DIRECTION('ref_axis',(0.,-1.,0.));
#2360=DIRECTION('center_axis',(0.,0.,-1.));
#2361=DIRECTION('ref_axis',(0.,-1.,0.));
#2362=DIRECTION('',(0.,0.,1.));
#2363=DIRECTION('center_axis',(-1.,0.,0.));
#2364=DIRECTION('ref_axis',(0.,-1.,0.));
#2365=DIRECTION('',(0.,-1.,0.));
#2366=DIRECTION('',(0.,0.,1.));
#2367=DIRECTION('center_axis',(0.,0.,1.));
#2368=DIRECTION('ref_axis',(1.,0.,0.));
#2369=DIRECTION('center_axis',(0.,0.,-1.));
#2370=DIRECTION('ref_axis',(1.,0.,0.));
#2371=DIRECTION('center_axis',(1.,0.,0.));
#2372=DIRECTION('ref_axis',(0.,1.,0.));
#2373=DIRECTION('',(0.,1.,0.));
#2374=DIRECTION('',(0.,0.,1.));
#2375=DIRECTION('',(0.,0.,1.));
#2376=DIRECTION('center_axis',(0.,0.,1.));
#2377=DIRECTION('ref_axis',(-1.,0.,0.));
#2378=DIRECTION('center_axis',(0.,0.,-1.));
#2379=DIRECTION('ref_axis',(-1.,0.,0.));
#2380=DIRECTION('',(0.,0.,1.));
#2381=DIRECTION('center_axis',(0.,1.,0.));
#2382=DIRECTION('ref_axis',(-1.,0.,0.));
#2383=DIRECTION('',(-1.,0.,0.));
#2384=DIRECTION('',(0.,0.,1.));
#2385=DIRECTION('center_axis',(0.,0.,1.));
#2386=DIRECTION('ref_axis',(0.,-1.,0.));
#2387=DIRECTION('center_axis',(0.,0.,-1.));
#2388=DIRECTION('ref_axis',(0.,-1.,0.));
#2389=DIRECTION('',(0.,0.,1.));
#2390=DIRECTION('center_axis',(-1.,0.,0.));
#2391=DIRECTION('ref_axis',(0.,-1.,0.));
#2392=DIRECTION('',(0.,-1.,0.));
#2393=DIRECTION('',(0.,0.,1.));
#2394=DIRECTION('center_axis',(0.,0.,1.));
#2395=DIRECTION('ref_axis',(1.,0.,0.));
#2396=DIRECTION('center_axis',(0.,0.,-1.));
#2397=DIRECTION('ref_axis',(1.,0.,0.));
#2398=DIRECTION('',(0.,0.,1.));
#2399=DIRECTION('center_axis',(0.,-1.,0.));
#2400=DIRECTION('ref_axis',(1.,0.,0.));
#2401=DIRECTION('',(1.,0.,0.));
#2402=DIRECTION('',(0.,0.,1.));
#2403=DIRECTION('center_axis',(0.,0.,1.));
#2404=DIRECTION('ref_axis',(0.,1.,0.));
#2405=DIRECTION('center_axis',(0.,0.,-1.));
#2406=DIRECTION('ref_axis',(0.,1.,0.));
#2407=DIRECTION('center_axis',(1.,0.,0.));
#2408=DIRECTION('ref_axis',(0.,1.,0.));
#2409=DIRECTION('',(0.,1.,0.));
#2410=DIRECTION('',(0.,0.,1.));
#2411=DIRECTION('',(0.,0.,1.));
#2412=DIRECTION('center_axis',(0.,0.,1.));
#2413=DIRECTION('ref_axis',(-1.,-2.22044604925032E-15,0.));
#2414=DIRECTION('center_axis',(0.,0.,-1.));
#2415=DIRECTION('ref_axis',(-1.,-2.22044604925032E-15,0.));
#2416=DIRECTION('',(0.,0.,1.));
#2417=DIRECTION('center_axis',(0.,1.,0.));
#2418=DIRECTION('ref_axis',(-1.,0.,0.));
#2419=DIRECTION('',(-1.,0.,0.));
#2420=DIRECTION('',(0.,0.,1.));
#2421=DIRECTION('center_axis',(0.,0.,1.));
#2422=DIRECTION('ref_axis',(0.,-1.,0.));
#2423=DIRECTION('center_axis',(0.,0.,-1.));
#2424=DIRECTION('ref_axis',(0.,-1.,0.));
#2425=DIRECTION('',(0.,0.,1.));
#2426=DIRECTION('center_axis',(-1.,0.,0.));
#2427=DIRECTION('ref_axis',(0.,-1.,0.));
#2428=DIRECTION('',(0.,-1.,0.));
#2429=DIRECTION('',(0.,0.,1.));
#2430=DIRECTION('center_axis',(0.,0.,1.));
#2431=DIRECTION('ref_axis',(1.,0.,0.));
#2432=DIRECTION('center_axis',(0.,0.,-1.));
#2433=DIRECTION('ref_axis',(1.,0.,0.));
#2434=DIRECTION('',(0.,0.,1.));
#2435=DIRECTION('center_axis',(0.,-1.,0.));
#2436=DIRECTION('ref_axis',(1.,0.,0.));
#2437=DIRECTION('',(1.,0.,0.));
#2438=DIRECTION('',(0.,0.,1.));
#2439=DIRECTION('center_axis',(0.,0.,1.));
#2440=DIRECTION('ref_axis',(0.,1.,0.));
#2441=DIRECTION('center_axis',(0.,0.,-1.));
#2442=DIRECTION('ref_axis',(0.,1.,0.));
#2443=DIRECTION('center_axis',(1.,0.,0.));
#2444=DIRECTION('ref_axis',(0.,1.,0.));
#2445=DIRECTION('',(0.,1.,0.));
#2446=DIRECTION('',(0.,0.,1.));
#2447=DIRECTION('',(0.,0.,1.));
#2448=DIRECTION('center_axis',(0.,0.,1.));
#2449=DIRECTION('ref_axis',(-1.,-2.22044604925032E-15,0.));
#2450=DIRECTION('center_axis',(0.,0.,-1.));
#2451=DIRECTION('ref_axis',(-1.,-2.22044604925032E-15,0.));
#2452=DIRECTION('',(0.,0.,1.));
#2453=DIRECTION('center_axis',(0.,1.,0.));
#2454=DIRECTION('ref_axis',(-1.,0.,0.));
#2455=DIRECTION('',(-1.,0.,0.));
#2456=DIRECTION('',(0.,0.,1.));
#2457=DIRECTION('center_axis',(0.,0.,1.));
#2458=DIRECTION('ref_axis',(0.,-1.,0.));
#2459=DIRECTION('center_axis',(0.,0.,-1.));
#2460=DIRECTION('ref_axis',(0.,-1.,0.));
#2461=DIRECTION('',(0.,0.,1.));
#2462=DIRECTION('center_axis',(-1.,0.,0.));
#2463=DIRECTION('ref_axis',(0.,-1.,0.));
#2464=DIRECTION('',(0.,-1.,0.));
#2465=DIRECTION('',(0.,0.,1.));
#2466=DIRECTION('center_axis',(0.,0.,1.));
#2467=DIRECTION('ref_axis',(1.,0.,0.));
#2468=DIRECTION('center_axis',(0.,0.,-1.));
#2469=DIRECTION('ref_axis',(1.,0.,0.));
#2470=DIRECTION('',(0.,0.,1.));
#2471=DIRECTION('center_axis',(0.,-1.,0.));
#2472=DIRECTION('ref_axis',(1.,0.,0.));
#2473=DIRECTION('',(1.,0.,0.));
#2474=DIRECTION('',(0.,0.,1.));
#2475=DIRECTION('center_axis',(0.,0.,1.));
#2476=DIRECTION('ref_axis',(0.,1.,0.));
#2477=DIRECTION('center_axis',(0.,0.,-1.));
#2478=DIRECTION('ref_axis',(0.,1.,0.));
#2479=DIRECTION('center_axis',(1.,0.,0.));
#2480=DIRECTION('ref_axis',(0.,1.,0.));
#2481=DIRECTION('',(0.,1.,0.));
#2482=DIRECTION('',(0.,0.,1.));
#2483=DIRECTION('',(0.,0.,1.));
#2484=DIRECTION('center_axis',(0.,0.,1.));
#2485=DIRECTION('ref_axis',(-1.,8.88178419700128E-15,0.));
#2486=DIRECTION('center_axis',(0.,0.,-1.));
#2487=DIRECTION('ref_axis',(-1.,8.88178419700128E-15,0.));
#2488=DIRECTION('',(0.,0.,1.));
#2489=DIRECTION('center_axis',(0.,1.,0.));
#2490=DIRECTION('ref_axis',(-1.,0.,0.));
#2491=DIRECTION('',(-1.,0.,0.));
#2492=DIRECTION('',(0.,0.,1.));
#2493=DIRECTION('center_axis',(0.,0.,1.));
#2494=DIRECTION('ref_axis',(0.,-1.,0.));
#2495=DIRECTION('center_axis',(0.,0.,-1.));
#2496=DIRECTION('ref_axis',(0.,-1.,0.));
#2497=DIRECTION('',(0.,0.,1.));
#2498=DIRECTION('center_axis',(-1.,0.,0.));
#2499=DIRECTION('ref_axis',(0.,-1.,0.));
#2500=DIRECTION('',(0.,-1.,0.));
#2501=DIRECTION('',(0.,0.,1.));
#2502=DIRECTION('center_axis',(0.,0.,1.));
#2503=DIRECTION('ref_axis',(1.,0.,0.));
#2504=DIRECTION('center_axis',(0.,0.,-1.));
#2505=DIRECTION('ref_axis',(1.,0.,0.));
#2506=DIRECTION('',(0.,0.,1.));
#2507=DIRECTION('center_axis',(0.,-1.,0.));
#2508=DIRECTION('ref_axis',(1.,0.,0.));
#2509=DIRECTION('',(1.,0.,0.));
#2510=DIRECTION('',(0.,0.,1.));
#2511=DIRECTION('center_axis',(0.,0.,1.));
#2512=DIRECTION('ref_axis',(0.,1.,0.));
#2513=DIRECTION('center_axis',(0.,0.,-1.));
#2514=DIRECTION('ref_axis',(0.,1.,0.));
#2515=DIRECTION('center_axis',(1.,0.,0.));
#2516=DIRECTION('ref_axis',(0.,1.,0.));
#2517=DIRECTION('',(0.,1.,0.));
#2518=DIRECTION('',(0.,0.,1.));
#2519=DIRECTION('',(0.,0.,1.));
#2520=DIRECTION('center_axis',(0.,0.,1.));
#2521=DIRECTION('ref_axis',(-1.,-2.22044604925031E-15,0.));
#2522=DIRECTION('center_axis',(0.,0.,-1.));
#2523=DIRECTION('ref_axis',(-1.,-2.22044604925031E-15,0.));
#2524=DIRECTION('',(0.,0.,1.));
#2525=DIRECTION('center_axis',(0.,1.,0.));
#2526=DIRECTION('ref_axis',(-1.,0.,0.));
#2527=DIRECTION('',(-1.,0.,0.));
#2528=DIRECTION('',(0.,0.,1.));
#2529=DIRECTION('center_axis',(0.,0.,1.));
#2530=DIRECTION('ref_axis',(0.,-1.,0.));
#2531=DIRECTION('center_axis',(0.,0.,-1.));
#2532=DIRECTION('ref_axis',(0.,-1.,0.));
#2533=DIRECTION('',(0.,0.,1.));
#2534=DIRECTION('center_axis',(-1.,0.,0.));
#2535=DIRECTION('ref_axis',(0.,-1.,0.));
#2536=DIRECTION('',(0.,-1.,0.));
#2537=DIRECTION('',(0.,0.,1.));
#2538=DIRECTION('center_axis',(0.,0.,1.));
#2539=DIRECTION('ref_axis',(1.,0.,0.));
#2540=DIRECTION('center_axis',(0.,0.,-1.));
#2541=DIRECTION('ref_axis',(1.,0.,0.));
#2542=DIRECTION('',(0.,0.,1.));
#2543=DIRECTION('center_axis',(0.,-1.,0.));
#2544=DIRECTION('ref_axis',(1.,0.,0.));
#2545=DIRECTION('',(1.,0.,0.));
#2546=DIRECTION('',(0.,0.,1.));
#2547=DIRECTION('center_axis',(0.,0.,1.));
#2548=DIRECTION('ref_axis',(0.,1.,0.));
#2549=DIRECTION('center_axis',(0.,0.,-1.));
#2550=DIRECTION('ref_axis',(0.,1.,0.));
#2551=DIRECTION('center_axis',(1.,0.,0.));
#2552=DIRECTION('ref_axis',(0.,1.,0.));
#2553=DIRECTION('',(0.,1.,0.));
#2554=DIRECTION('',(0.,0.,1.));
#2555=DIRECTION('',(0.,0.,1.));
#2556=DIRECTION('center_axis',(0.,0.,1.));
#2557=DIRECTION('ref_axis',(-1.,0.,0.));
#2558=DIRECTION('center_axis',(0.,0.,-1.));
#2559=DIRECTION('ref_axis',(-1.,0.,0.));
#2560=DIRECTION('',(0.,0.,1.));
#2561=DIRECTION('center_axis',(0.,1.,0.));
#2562=DIRECTION('ref_axis',(-1.,0.,0.));
#2563=DIRECTION('',(-1.,0.,0.));
#2564=DIRECTION('',(0.,0.,1.));
#2565=DIRECTION('center_axis',(0.,0.,1.));
#2566=DIRECTION('ref_axis',(0.,-1.,0.));
#2567=DIRECTION('center_axis',(0.,0.,-1.));
#2568=DIRECTION('ref_axis',(0.,-1.,0.));
#2569=DIRECTION('',(0.,0.,1.));
#2570=DIRECTION('center_axis',(-1.,0.,0.));
#2571=DIRECTION('ref_axis',(0.,-1.,0.));
#2572=DIRECTION('',(0.,-1.,0.));
#2573=DIRECTION('',(0.,0.,1.));
#2574=DIRECTION('center_axis',(0.,0.,1.));
#2575=DIRECTION('ref_axis',(1.,0.,0.));
#2576=DIRECTION('center_axis',(0.,0.,-1.));
#2577=DIRECTION('ref_axis',(1.,0.,0.));
#2578=DIRECTION('',(0.,0.,1.));
#2579=DIRECTION('center_axis',(0.,-1.,0.));
#2580=DIRECTION('ref_axis',(1.,0.,0.));
#2581=DIRECTION('',(1.,0.,0.));
#2582=DIRECTION('',(0.,0.,1.));
#2583=DIRECTION('center_axis',(0.,0.,1.));
#2584=DIRECTION('ref_axis',(0.,1.,0.));
#2585=DIRECTION('center_axis',(0.,0.,-1.));
#2586=DIRECTION('ref_axis',(0.,1.,0.));
#2587=DIRECTION('center_axis',(1.,0.,0.));
#2588=DIRECTION('ref_axis',(0.,1.,0.));
#2589=DIRECTION('',(0.,1.,0.));
#2590=DIRECTION('',(0.,0.,1.));
#2591=DIRECTION('',(0.,0.,1.));
#2592=DIRECTION('center_axis',(0.,0.,1.));
#2593=DIRECTION('ref_axis',(-1.,8.88178419700124E-15,0.));
#2594=DIRECTION('center_axis',(0.,0.,-1.));
#2595=DIRECTION('ref_axis',(-1.,8.88178419700124E-15,0.));
#2596=DIRECTION('',(0.,0.,1.));
#2597=DIRECTION('center_axis',(0.,1.,0.));
#2598=DIRECTION('ref_axis',(-1.,0.,0.));
#2599=DIRECTION('',(-1.,0.,0.));
#2600=DIRECTION('',(0.,0.,1.));
#2601=DIRECTION('center_axis',(0.,0.,1.));
#2602=DIRECTION('ref_axis',(0.,-1.,0.));
#2603=DIRECTION('center_axis',(0.,0.,-1.));
#2604=DIRECTION('ref_axis',(0.,-1.,0.));
#2605=DIRECTION('',(0.,0.,1.));
#2606=DIRECTION('center_axis',(-1.,0.,0.));
#2607=DIRECTION('ref_axis',(0.,-1.,0.));
#2608=DIRECTION('',(0.,-1.,0.));
#2609=DIRECTION('',(0.,0.,1.));
#2610=DIRECTION('center_axis',(0.,0.,1.));
#2611=DIRECTION('ref_axis',(1.,0.,0.));
#2612=DIRECTION('center_axis',(0.,0.,-1.));
#2613=DIRECTION('ref_axis',(1.,0.,0.));
#2614=DIRECTION('',(0.,0.,1.));
#2615=DIRECTION('center_axis',(0.,-1.,0.));
#2616=DIRECTION('ref_axis',(1.,0.,0.));
#2617=DIRECTION('',(1.,0.,0.));
#2618=DIRECTION('',(0.,0.,1.));
#2619=DIRECTION('center_axis',(0.,0.,1.));
#2620=DIRECTION('ref_axis',(0.,1.,0.));
#2621=DIRECTION('center_axis',(0.,0.,-1.));
#2622=DIRECTION('ref_axis',(0.,1.,0.));
#2623=DIRECTION('center_axis',(-1.,0.,0.));
#2624=DIRECTION('ref_axis',(0.,-1.,0.));
#2625=DIRECTION('',(0.,-1.,0.));
#2626=DIRECTION('',(0.,0.,1.));
#2627=DIRECTION('',(0.,0.,1.));
#2628=DIRECTION('center_axis',(0.,1.,0.));
#2629=DIRECTION('ref_axis',(-1.,0.,0.));
#2630=DIRECTION('',(-1.,0.,0.));
#2631=DIRECTION('',(0.,0.,1.));
#2632=DIRECTION('center_axis',(1.,0.,0.));
#2633=DIRECTION('ref_axis',(0.,1.,0.));
#2634=DIRECTION('',(0.,1.,0.));
#2635=DIRECTION('',(0.,0.,1.));
#2636=DIRECTION('center_axis',(0.,-1.,0.));
#2637=DIRECTION('ref_axis',(1.,0.,0.));
#2638=DIRECTION('',(1.,0.,0.));
#2639=DIRECTION('center_axis',(0.,0.,1.));
#2640=DIRECTION('ref_axis',(-1.,0.,0.));
#2641=CARTESIAN_POINT('',(0.,0.,0.));
#2642=CARTESIAN_POINT('Origin',(-5.00000007450581,103.899999850988,17.5));
#2643=CARTESIAN_POINT('',(-3.30000007450581,103.899999850988,14.5));
#2644=CARTESIAN_POINT('Origin',(-5.00000007450581,103.899999850988,14.5));
#2645=CARTESIAN_POINT('',(-3.30000007450581,103.899999850988,13.));
#2646=CARTESIAN_POINT('',(-3.30000007450581,103.899999850988,17.5));
#2647=CARTESIAN_POINT('Origin',(-5.00000007450581,103.899999850988,13.));
#2648=CARTESIAN_POINT('Origin',(68.1499998509884,-5.00000007450581,17.5));
#2649=CARTESIAN_POINT('',(69.8499998509884,-5.00000007450581,14.5));
#2650=CARTESIAN_POINT('Origin',(68.1499998509884,-5.00000007450581,14.5));
#2651=CARTESIAN_POINT('',(69.8499998509884,-5.00000007450581,13.));
#2652=CARTESIAN_POINT('',(69.8499998509884,-5.00000007450581,17.5));
#2653=CARTESIAN_POINT('Origin',(68.1499998509884,-5.00000007450581,13.));
#2654=CARTESIAN_POINT('Origin',(68.1499998509884,103.899999850988,17.5));
#2655=CARTESIAN_POINT('',(69.8499998509884,103.899999850988,14.5));
#2656=CARTESIAN_POINT('Origin',(68.1499998509884,103.899999850988,14.5));
#2657=CARTESIAN_POINT('',(69.8499998509884,103.899999850988,13.));
#2658=CARTESIAN_POINT('',(69.8499998509884,103.899999850988,17.5));
#2659=CARTESIAN_POINT('Origin',(68.1499998509884,103.899999850988,13.));
#2660=CARTESIAN_POINT('Origin',(-5.00000007450581,-5.00000007450581,17.5));
#2661=CARTESIAN_POINT('',(-3.30000007450581,-5.00000007450581,14.5));
#2662=CARTESIAN_POINT('Origin',(-5.00000007450581,-5.00000007450581,14.5));
#2663=CARTESIAN_POINT('',(-3.30000007450581,-5.00000007450581,13.));
#2664=CARTESIAN_POINT('',(-3.30000007450581,-5.00000007450581,17.5));
#2665=CARTESIAN_POINT('Origin',(-5.00000007450581,-5.00000007450581,13.));
#2666=CARTESIAN_POINT('Origin',(44.7549998509884,78.1999998509884,14.5));
#2667=CARTESIAN_POINT('',(44.7549998509884,78.1999998509884,14.5));
#2668=CARTESIAN_POINT('',(58.7549998509884,78.1999998509884,14.5));
#2669=CARTESIAN_POINT('',(38.1649998509884,78.1999998509884,14.5));
#2670=CARTESIAN_POINT('',(44.7549998509884,78.1999998509884,13.));
#2671=CARTESIAN_POINT('',(44.7549998509884,78.1999998509884,14.5));
#2672=CARTESIAN_POINT('',(58.7549998509884,78.1999998509884,13.));
#2673=CARTESIAN_POINT('',(38.1649998509884,78.1999998509884,13.));
#2674=CARTESIAN_POINT('',(58.7549998509884,78.1999998509884,14.5));
#2675=CARTESIAN_POINT('Origin',(44.7549998509884,64.1999998509884,14.5));
#2676=CARTESIAN_POINT('',(44.7549998509884,64.1999998509884,14.5));
#2677=CARTESIAN_POINT('',(44.7549998509884,56.8249998509884,14.5));
#2678=CARTESIAN_POINT('',(44.7549998509884,64.1999998509884,13.));
#2679=CARTESIAN_POINT('',(44.7549998509884,64.1999998509884,14.5));
#2680=CARTESIAN_POINT('',(44.7549998509884,56.8249998509884,13.));
#2681=CARTESIAN_POINT('Origin',(58.7549998509884,64.1999998509884,14.5));
#2682=CARTESIAN_POINT('',(58.7549998509884,64.1999998509884,14.5));
#2683=CARTESIAN_POINT('',(45.1649998509884,64.1999998509884,14.5));
#2684=CARTESIAN_POINT('',(58.7549998509884,64.1999998509884,13.));
#2685=CARTESIAN_POINT('',(58.7549998509884,64.1999998509884,14.5));
#2686=CARTESIAN_POINT('',(45.1649998509884,64.1999998509884,13.));
#2687=CARTESIAN_POINT('Origin',(58.7549998509884,78.1999998509884,14.5));
#2688=CARTESIAN_POINT('',(58.7549998509884,63.8249998509884,14.5));
#2689=CARTESIAN_POINT('',(58.7549998509884,63.8249998509884,13.));
#2690=CARTESIAN_POINT('Origin',(5.60499985098839,57.0249998509884,14.375));
#2691=CARTESIAN_POINT('',(5.47999985098839,76.9499998509884,14.5));
#2692=CARTESIAN_POINT('',(5.47999985098839,64.3499998509884,14.5));
#2693=CARTESIAN_POINT('',(5.47999985098839,57.0249998509884,14.5));
#2694=CARTESIAN_POINT('',(5.72999985098839,64.5999998509884,14.25));
#2695=CARTESIAN_POINT('',(5.47999985098839,64.3499998509884,14.5));
#2696=CARTESIAN_POINT('',(5.72999985098839,76.6999998509884,14.25));
#2697=CARTESIAN_POINT('',(5.72999985098839,57.0249998509884,14.25));
#2698=CARTESIAN_POINT('',(5.47999985098839,76.9499998509884,14.5));
#2699=CARTESIAN_POINT('Origin',(33.9524998509884,64.4749998509884,14.375));
#2700=CARTESIAN_POINT('',(36.5799998509884,64.3499998509884,14.5));
#2701=CARTESIAN_POINT('',(33.9524998509884,64.3499998509884,14.5));
#2702=CARTESIAN_POINT('',(36.3299998509884,64.5999998509884,14.25));
#2703=CARTESIAN_POINT('',(36.5799998509884,64.3499998509884,14.5));
#2704=CARTESIAN_POINT('',(33.9524998509884,64.5999998509884,14.25));
#2705=CARTESIAN_POINT('Origin',(18.6524998509884,76.8249998509884,14.375));
#2706=CARTESIAN_POINT('',(36.3299998509884,76.6999998509884,14.25));
#2707=CARTESIAN_POINT('',(18.6524998509884,76.6999998509884,14.25));
#2708=CARTESIAN_POINT('',(36.5799998509884,76.9499998509884,14.5));
#2709=CARTESIAN_POINT('',(36.3299998509884,76.6999998509884,14.25));
#2710=CARTESIAN_POINT('',(18.6524998509884,76.9499998509884,14.5));
#2711=CARTESIAN_POINT('Origin',(36.4549998509884,63.0749998509884,14.375));
#2712=CARTESIAN_POINT('',(36.5799998509884,63.0749998509884,14.5));
#2713=CARTESIAN_POINT('',(36.3299998509884,63.0749998509884,14.25));
#2714=CARTESIAN_POINT('Origin',(5.72999985098839,76.6999998509884,14.5));
#2715=CARTESIAN_POINT('',(5.72999985098839,76.6999998509884,13.));
#2716=CARTESIAN_POINT('',(5.72999985098839,76.6999998509884,14.5));
#2717=CARTESIAN_POINT('',(36.3299998509884,76.6999998509884,13.));
#2718=CARTESIAN_POINT('',(18.6524998509884,76.6999998509884,13.));
#2719=CARTESIAN_POINT('',(36.3299998509884,76.6999998509884,14.5));
#2720=CARTESIAN_POINT('Origin',(5.72999985098839,64.5999998509884,14.5));
#2721=CARTESIAN_POINT('',(5.72999985098839,64.5999998509884,13.));
#2722=CARTESIAN_POINT('',(5.72999985098839,64.5999998509884,14.5));
#2723=CARTESIAN_POINT('',(5.72999985098839,57.0249998509884,13.));
#2724=CARTESIAN_POINT('Origin',(31.5749998509884,49.4499998509884,14.5));
#2725=CARTESIAN_POINT('',(-10.0000001490116,-10.0000001490116,14.5));
#2726=CARTESIAN_POINT('',(73.1499998509884,-10.0000001490116,14.5));
#2727=CARTESIAN_POINT('',(-10.0000001490116,-10.0000001490116,14.5));
#2728=CARTESIAN_POINT('',(73.1499998509884,108.899999850988,14.5));
#2729=CARTESIAN_POINT('',(73.1499998509884,-10.0000001490116,14.5));
#2730=CARTESIAN_POINT('',(-10.0000001490116,108.899999850988,14.5));
#2731=CARTESIAN_POINT('',(73.1499998509884,108.899999850988,14.5));
#2732=CARTESIAN_POINT('',(-10.0000001490116,108.899999850988,14.5));
#2733=CARTESIAN_POINT('',(5.52500000000001,39.355,14.5));
#2734=CARTESIAN_POINT('',(6.025,39.855,14.5));
#2735=CARTESIAN_POINT('Origin',(6.025,39.355,14.5));
#2736=CARTESIAN_POINT('',(19.025,39.855,14.5));
#2737=CARTESIAN_POINT('',(6.025,39.855,14.5));
#2738=CARTESIAN_POINT('',(19.525,39.355,14.5));
#2739=CARTESIAN_POINT('Origin',(19.025,39.355,14.5));
#2740=CARTESIAN_POINT('',(19.525,26.355,14.5));
#2741=CARTESIAN_POINT('',(19.525,39.355,14.5));
#2742=CARTESIAN_POINT('',(19.025,25.855,14.5));
#2743=CARTESIAN_POINT('Origin',(19.025,26.355,14.5));
#2744=CARTESIAN_POINT('',(6.025,25.855,14.5));
#2745=CARTESIAN_POINT('',(6.025,25.855,14.5));
#2746=CARTESIAN_POINT('',(5.525,26.355,14.5));
#2747=CARTESIAN_POINT('Origin',(6.025,26.355,14.5));
#2748=CARTESIAN_POINT('',(5.525,39.355,14.5));
#2749=CARTESIAN_POINT('',(43.625,58.405,14.5));
#2750=CARTESIAN_POINT('',(44.125,58.905,14.5));
#2751=CARTESIAN_POINT('Origin',(44.125,58.405,14.5));
#2752=CARTESIAN_POINT('',(57.125,58.905,14.5));
#2753=CARTESIAN_POINT('',(44.125,58.905,14.5));
#2754=CARTESIAN_POINT('',(57.625,58.405,14.5));
#2755=CARTESIAN_POINT('Origin',(57.125,58.405,14.5));
#2756=CARTESIAN_POINT('',(57.625,45.405,14.5));
#2757=CARTESIAN_POINT('',(57.625,58.405,14.5));
#2758=CARTESIAN_POINT('',(57.125,44.905,14.5));
#2759=CARTESIAN_POINT('Origin',(57.125,45.405,14.5));
#2760=CARTESIAN_POINT('',(44.125,44.905,14.5));
#2761=CARTESIAN_POINT('',(44.125,44.905,14.5));
#2762=CARTESIAN_POINT('',(43.625,45.405,14.5));
#2763=CARTESIAN_POINT('Origin',(44.125,45.405,14.5));
#2764=CARTESIAN_POINT('',(43.625,58.405,14.5));
#2765=CARTESIAN_POINT('',(5.525,20.305,14.5));
#2766=CARTESIAN_POINT('',(6.025,20.805,14.5));
#2767=CARTESIAN_POINT('Origin',(6.025,20.305,14.5));
#2768=CARTESIAN_POINT('',(19.025,20.805,14.5));
#2769=CARTESIAN_POINT('',(6.025,20.805,14.5));
#2770=CARTESIAN_POINT('',(19.525,20.305,14.5));
#2771=CARTESIAN_POINT('Origin',(19.025,20.305,14.5));
#2772=CARTESIAN_POINT('',(19.525,7.30499999999999,14.5));
#2773=CARTESIAN_POINT('',(19.525,20.305,14.5));
#2774=CARTESIAN_POINT('',(19.025,6.80499999999999,14.5));
#2775=CARTESIAN_POINT('Origin',(19.025,7.30499999999999,14.5));
#2776=CARTESIAN_POINT('',(6.025,6.80499999999999,14.5));
#2777=CARTESIAN_POINT('',(6.025,6.805,14.5));
#2778=CARTESIAN_POINT('',(5.525,7.30499999999999,14.5));
#2779=CARTESIAN_POINT('Origin',(6.025,7.30499999999999,14.5));
#2780=CARTESIAN_POINT('',(5.525,20.305,14.5));
#2781=CARTESIAN_POINT('',(24.575,39.355,14.5));
#2782=CARTESIAN_POINT('',(25.075,39.855,14.5));
#2783=CARTESIAN_POINT('Origin',(25.075,39.355,14.5));
#2784=CARTESIAN_POINT('',(38.075,39.855,14.5));
#2785=CARTESIAN_POINT('',(25.075,39.855,14.5));
#2786=CARTESIAN_POINT('',(38.575,39.355,14.5));
#2787=CARTESIAN_POINT('Origin',(38.075,39.355,14.5));
#2788=CARTESIAN_POINT('',(38.575,26.355,14.5));
#2789=CARTESIAN_POINT('',(38.575,39.355,14.5));
#2790=CARTESIAN_POINT('',(38.075,25.855,14.5));
#2791=CARTESIAN_POINT('Origin',(38.075,26.355,14.5));
#2792=CARTESIAN_POINT('',(25.075,25.855,14.5));
#2793=CARTESIAN_POINT('',(25.075,25.855,14.5));
#2794=CARTESIAN_POINT('',(24.575,26.355,14.5));
#2795=CARTESIAN_POINT('Origin',(25.075,26.355,14.5));
#2796=CARTESIAN_POINT('',(24.575,39.355,14.5));
#2797=CARTESIAN_POINT('',(43.625,20.305,14.5));
#2798=CARTESIAN_POINT('',(44.125,20.805,14.5));
#2799=CARTESIAN_POINT('Origin',(44.125,20.305,14.5));
#2800=CARTESIAN_POINT('',(57.125,20.805,14.5));
#2801=CARTESIAN_POINT('',(44.125,20.805,14.5));
#2802=CARTESIAN_POINT('',(57.625,20.305,14.5));
#2803=CARTESIAN_POINT('Origin',(57.125,20.305,14.5));
#2804=CARTESIAN_POINT('',(57.625,7.30499999999999,14.5));
#2805=CARTESIAN_POINT('',(57.625,20.305,14.5));
#2806=CARTESIAN_POINT('',(57.125,6.80499999999999,14.5));
#2807=CARTESIAN_POINT('Origin',(57.125,7.30499999999999,14.5));
#2808=CARTESIAN_POINT('',(44.125,6.80499999999999,14.5));
#2809=CARTESIAN_POINT('',(44.125,6.805,14.5));
#2810=CARTESIAN_POINT('',(43.625,7.30499999999999,14.5));
#2811=CARTESIAN_POINT('Origin',(44.125,7.30499999999999,14.5));
#2812=CARTESIAN_POINT('',(43.625,20.305,14.5));
#2813=CARTESIAN_POINT('',(24.575,20.305,14.5));
#2814=CARTESIAN_POINT('',(25.075,20.805,14.5));
#2815=CARTESIAN_POINT('Origin',(25.075,20.305,14.5));
#2816=CARTESIAN_POINT('',(38.075,20.805,14.5));
#2817=CARTESIAN_POINT('',(25.075,20.805,14.5));
#2818=CARTESIAN_POINT('',(38.575,20.305,14.5));
#2819=CARTESIAN_POINT('Origin',(38.075,20.305,14.5));
#2820=CARTESIAN_POINT('',(38.575,7.30499999999999,14.5));
#2821=CARTESIAN_POINT('',(38.575,20.305,14.5));
#2822=CARTESIAN_POINT('',(38.075,6.80499999999999,14.5));
#2823=CARTESIAN_POINT('Origin',(38.075,7.30499999999999,14.5));
#2824=CARTESIAN_POINT('',(25.075,6.80499999999999,14.5));
#2825=CARTESIAN_POINT('',(25.075,6.805,14.5));
#2826=CARTESIAN_POINT('',(24.575,7.30499999999999,14.5));
#2827=CARTESIAN_POINT('Origin',(25.075,7.30499999999999,14.5));
#2828=CARTESIAN_POINT('',(24.575,20.305,14.5));
#2829=CARTESIAN_POINT('',(5.525,58.405,14.5));
#2830=CARTESIAN_POINT('',(6.025,58.905,14.5));
#2831=CARTESIAN_POINT('Origin',(6.025,58.405,14.5));
#2832=CARTESIAN_POINT('',(19.025,58.905,14.5));
#2833=CARTESIAN_POINT('',(6.025,58.905,14.5));
#2834=CARTESIAN_POINT('',(19.525,58.405,14.5));
#2835=CARTESIAN_POINT('Origin',(19.025,58.405,14.5));
#2836=CARTESIAN_POINT('',(19.525,45.405,14.5));
#2837=CARTESIAN_POINT('',(19.525,58.405,14.5));
#2838=CARTESIAN_POINT('',(19.025,44.905,14.5));
#2839=CARTESIAN_POINT('Origin',(19.025,45.405,14.5));
#2840=CARTESIAN_POINT('',(6.025,44.905,14.5));
#2841=CARTESIAN_POINT('',(6.025,44.905,14.5));
#2842=CARTESIAN_POINT('',(5.525,45.405,14.5));
#2843=CARTESIAN_POINT('Origin',(6.025,45.405,14.5));
#2844=CARTESIAN_POINT('',(5.525,58.405,14.5));
#2845=CARTESIAN_POINT('',(57.125,39.855,14.5));
#2846=CARTESIAN_POINT('',(57.625,39.355,14.5));
#2847=CARTESIAN_POINT('Origin',(57.125,39.355,14.5));
#2848=CARTESIAN_POINT('',(57.625,26.355,14.5));
#2849=CARTESIAN_POINT('',(57.625,39.355,14.5));
#2850=CARTESIAN_POINT('',(57.125,25.855,14.5));
#2851=CARTESIAN_POINT('Origin',(57.125,26.355,14.5));
#2852=CARTESIAN_POINT('',(44.125,25.855,14.5));
#2853=CARTESIAN_POINT('',(44.125,25.855,14.5));
#2854=CARTESIAN_POINT('',(43.625,26.355,14.5));
#2855=CARTESIAN_POINT('Origin',(44.125,26.355,14.5));
#2856=CARTESIAN_POINT('',(43.625,39.355,14.5));
#2857=CARTESIAN_POINT('',(43.625,39.355,14.5));
#2858=CARTESIAN_POINT('',(44.125,39.855,14.5));
#2859=CARTESIAN_POINT('Origin',(44.125,39.355,14.5));
#2860=CARTESIAN_POINT('',(44.125,39.855,14.5));
#2861=CARTESIAN_POINT('',(24.575,58.405,14.5));
#2862=CARTESIAN_POINT('',(25.075,58.905,14.5));
#2863=CARTESIAN_POINT('Origin',(25.075,58.405,14.5));
#2864=CARTESIAN_POINT('',(38.075,58.905,14.5));
#2865=CARTESIAN_POINT('',(25.075,58.905,14.5));
#2866=CARTESIAN_POINT('',(38.575,58.405,14.5));
#2867=CARTESIAN_POINT('Origin',(38.075,58.405,14.5));
#2868=CARTESIAN_POINT('',(38.575,45.405,14.5));
#2869=CARTESIAN_POINT('',(38.575,58.405,14.5));
#2870=CARTESIAN_POINT('',(38.075,44.905,14.5));
#2871=CARTESIAN_POINT('Origin',(38.075,45.405,14.5));
#2872=CARTESIAN_POINT('',(25.075,44.905,14.5));
#2873=CARTESIAN_POINT('',(25.075,44.905,14.5));
#2874=CARTESIAN_POINT('',(24.575,45.405,14.5));
#2875=CARTESIAN_POINT('Origin',(25.075,45.405,14.5));
#2876=CARTESIAN_POINT('',(24.575,58.405,14.5));
#2877=CARTESIAN_POINT('Origin',(36.3299998509884,64.5999998509884,14.5));
#2878=CARTESIAN_POINT('',(36.3299998509884,64.5999998509884,13.));
#2879=CARTESIAN_POINT('',(36.3299998509884,64.5999998509884,14.5));
#2880=CARTESIAN_POINT('',(33.9524998509884,64.5999998509884,13.));
#2881=CARTESIAN_POINT('Origin',(36.3299998509884,76.6999998509884,14.5));
#2882=CARTESIAN_POINT('',(36.3299998509884,63.0749998509884,13.));
#2883=CARTESIAN_POINT('Origin',(24.575,45.405,13.));
#2884=CARTESIAN_POINT('',(24.575,45.405,13.));
#2885=CARTESIAN_POINT('',(24.575,58.405,13.));
#2886=CARTESIAN_POINT('',(24.575,58.405,13.));
#2887=CARTESIAN_POINT('',(24.575,58.405,13.));
#2888=CARTESIAN_POINT('',(24.575,45.405,13.));
#2889=CARTESIAN_POINT('Origin',(25.075,45.405,13.));
#2890=CARTESIAN_POINT('',(25.075,44.905,13.));
#2891=CARTESIAN_POINT('Origin',(25.075,45.405,13.));
#2892=CARTESIAN_POINT('',(25.075,44.905,13.));
#2893=CARTESIAN_POINT('Origin',(38.075,44.905,13.));
#2894=CARTESIAN_POINT('',(38.075,44.905,13.));
#2895=CARTESIAN_POINT('',(25.075,44.905,13.));
#2896=CARTESIAN_POINT('',(38.075,44.905,13.));
#2897=CARTESIAN_POINT('Origin',(38.075,45.405,13.));
#2898=CARTESIAN_POINT('',(38.575,45.405,13.));
#2899=CARTESIAN_POINT('Origin',(38.075,45.405,13.));
#2900=CARTESIAN_POINT('',(38.575,45.405,13.));
#2901=CARTESIAN_POINT('Origin',(38.575,58.405,13.));
#2902=CARTESIAN_POINT('',(38.575,58.405,13.));
#2903=CARTESIAN_POINT('',(38.575,58.405,13.));
#2904=CARTESIAN_POINT('',(38.575,58.405,13.));
#2905=CARTESIAN_POINT('Origin',(38.075,58.405,13.));
#2906=CARTESIAN_POINT('',(38.075,58.905,13.));
#2907=CARTESIAN_POINT('Origin',(38.075,58.405,13.));
#2908=CARTESIAN_POINT('',(38.075,58.905,13.));
#2909=CARTESIAN_POINT('Origin',(25.075,58.905,13.));
#2910=CARTESIAN_POINT('',(25.075,58.905,13.));
#2911=CARTESIAN_POINT('',(25.075,58.905,13.));
#2912=CARTESIAN_POINT('',(25.075,58.905,13.));
#2913=CARTESIAN_POINT('Origin',(25.075,58.405,13.));
#2914=CARTESIAN_POINT('Origin',(25.075,58.405,13.));
#2915=CARTESIAN_POINT('Origin',(44.125,39.855,13.));
#2916=CARTESIAN_POINT('',(44.125,39.855,13.));
#2917=CARTESIAN_POINT('',(57.125,39.855,13.));
#2918=CARTESIAN_POINT('',(44.125,39.855,13.));
#2919=CARTESIAN_POINT('',(57.125,39.855,13.));
#2920=CARTESIAN_POINT('',(44.125,39.855,13.));
#2921=CARTESIAN_POINT('Origin',(44.125,39.355,13.));
#2922=CARTESIAN_POINT('',(43.625,39.355,13.));
#2923=CARTESIAN_POINT('Origin',(44.125,39.355,13.));
#2924=CARTESIAN_POINT('',(43.625,39.355,13.));
#2925=CARTESIAN_POINT('Origin',(43.625,26.355,13.));
#2926=CARTESIAN_POINT('',(43.625,26.355,13.));
#2927=CARTESIAN_POINT('',(43.625,39.355,13.));
#2928=CARTESIAN_POINT('',(43.625,26.355,13.));
#2929=CARTESIAN_POINT('Origin',(44.125,26.355,13.));
#2930=CARTESIAN_POINT('',(44.125,25.855,13.));
#2931=CARTESIAN_POINT('Origin',(44.125,26.355,13.));
#2932=CARTESIAN_POINT('',(44.125,25.855,13.));
#2933=CARTESIAN_POINT('Origin',(57.125,25.855,13.));
#2934=CARTESIAN_POINT('',(57.125,25.855,13.));
#2935=CARTESIAN_POINT('',(44.125,25.855,13.));
#2936=CARTESIAN_POINT('',(57.125,25.855,13.));
#2937=CARTESIAN_POINT('Origin',(57.125,26.355,13.));
#2938=CARTESIAN_POINT('',(57.625,26.355,13.));
#2939=CARTESIAN_POINT('Origin',(57.125,26.355,13.));
#2940=CARTESIAN_POINT('',(57.625,26.355,13.));
#2941=CARTESIAN_POINT('Origin',(57.625,39.355,13.));
#2942=CARTESIAN_POINT('',(57.625,39.355,13.));
#2943=CARTESIAN_POINT('',(57.625,39.355,13.));
#2944=CARTESIAN_POINT('',(57.625,39.355,13.));
#2945=CARTESIAN_POINT('Origin',(57.125,39.355,13.));
#2946=CARTESIAN_POINT('Origin',(57.125,39.355,13.));
#2947=CARTESIAN_POINT('Origin',(5.525,45.405,13.));
#2948=CARTESIAN_POINT('',(5.525,45.405,13.));
#2949=CARTESIAN_POINT('',(5.525,58.405,13.));
#2950=CARTESIAN_POINT('',(5.525,58.405,13.));
#2951=CARTESIAN_POINT('',(5.525,58.405,13.));
#2952=CARTESIAN_POINT('',(5.525,45.405,13.));
#2953=CARTESIAN_POINT('Origin',(6.025,45.405,13.));
#2954=CARTESIAN_POINT('',(6.025,44.905,13.));
#2955=CARTESIAN_POINT('Origin',(6.025,45.405,13.));
#2956=CARTESIAN_POINT('',(6.025,44.905,13.));
#2957=CARTESIAN_POINT('Origin',(19.025,44.905,13.));
#2958=CARTESIAN_POINT('',(19.025,44.905,13.));
#2959=CARTESIAN_POINT('',(6.025,44.905,13.));
#2960=CARTESIAN_POINT('',(19.025,44.905,13.));
#2961=CARTESIAN_POINT('Origin',(19.025,45.405,13.));
#2962=CARTESIAN_POINT('',(19.525,45.405,13.));
#2963=CARTESIAN_POINT('Origin',(19.025,45.405,13.));
#2964=CARTESIAN_POINT('',(19.525,45.405,13.));
#2965=CARTESIAN_POINT('Origin',(19.525,58.405,13.));
#2966=CARTESIAN_POINT('',(19.525,58.405,13.));
#2967=CARTESIAN_POINT('',(19.525,58.405,13.));
#2968=CARTESIAN_POINT('',(19.525,58.405,13.));
#2969=CARTESIAN_POINT('Origin',(19.025,58.405,13.));
#2970=CARTESIAN_POINT('',(19.025,58.905,13.));
#2971=CARTESIAN_POINT('Origin',(19.025,58.405,13.));
#2972=CARTESIAN_POINT('',(19.025,58.905,13.));
#2973=CARTESIAN_POINT('Origin',(6.025,58.905,13.));
#2974=CARTESIAN_POINT('',(6.025,58.905,13.));
#2975=CARTESIAN_POINT('',(6.025,58.905,13.));
#2976=CARTESIAN_POINT('',(6.025,58.905,13.));
#2977=CARTESIAN_POINT('Origin',(6.025,58.405,13.));
#2978=CARTESIAN_POINT('Origin',(6.025,58.405,13.));
#2979=CARTESIAN_POINT('Origin',(24.575,7.30499999999999,13.));
#2980=CARTESIAN_POINT('',(24.575,7.30499999999999,13.));
#2981=CARTESIAN_POINT('',(24.575,20.305,13.));
#2982=CARTESIAN_POINT('',(24.575,20.305,13.));
#2983=CARTESIAN_POINT('',(24.575,20.305,13.));
#2984=CARTESIAN_POINT('',(24.575,7.30499999999999,13.));
#2985=CARTESIAN_POINT('Origin',(25.075,7.30499999999999,13.));
#2986=CARTESIAN_POINT('',(25.075,6.805,13.));
#2987=CARTESIAN_POINT('Origin',(25.075,7.30499999999999,13.));
#2988=CARTESIAN_POINT('',(25.075,6.805,13.));
#2989=CARTESIAN_POINT('Origin',(38.075,6.805,13.));
#2990=CARTESIAN_POINT('',(38.075,6.805,13.));
#2991=CARTESIAN_POINT('',(25.075,6.805,13.));
#2992=CARTESIAN_POINT('',(38.075,6.805,13.));
#2993=CARTESIAN_POINT('Origin',(38.075,7.30499999999999,13.));
#2994=CARTESIAN_POINT('',(38.575,7.30499999999999,13.));
#2995=CARTESIAN_POINT('Origin',(38.075,7.30499999999999,13.));
#2996=CARTESIAN_POINT('',(38.575,7.30499999999999,13.));
#2997=CARTESIAN_POINT('Origin',(38.575,20.305,13.));
#2998=CARTESIAN_POINT('',(38.575,20.305,13.));
#2999=CARTESIAN_POINT('',(38.575,20.305,13.));
#3000=CARTESIAN_POINT('',(38.575,20.305,13.));
#3001=CARTESIAN_POINT('Origin',(38.075,20.305,13.));
#3002=CARTESIAN_POINT('',(38.075,20.805,13.));
#3003=CARTESIAN_POINT('Origin',(38.075,20.305,13.));
#3004=CARTESIAN_POINT('',(38.075,20.805,13.));
#3005=CARTESIAN_POINT('Origin',(25.075,20.805,13.));
#3006=CARTESIAN_POINT('',(25.075,20.805,13.));
#3007=CARTESIAN_POINT('',(25.075,20.805,13.));
#3008=CARTESIAN_POINT('',(25.075,20.805,13.));
#3009=CARTESIAN_POINT('Origin',(25.075,20.305,13.));
#3010=CARTESIAN_POINT('Origin',(25.075,20.305,13.));
#3011=CARTESIAN_POINT('Origin',(43.625,7.30499999999999,13.));
#3012=CARTESIAN_POINT('',(43.625,7.30499999999999,13.));
#3013=CARTESIAN_POINT('',(43.625,20.305,13.));
#3014=CARTESIAN_POINT('',(43.625,20.305,13.));
#3015=CARTESIAN_POINT('',(43.625,20.305,13.));
#3016=CARTESIAN_POINT('',(43.625,7.30499999999999,13.));
#3017=CARTESIAN_POINT('Origin',(44.125,7.30499999999999,13.));
#3018=CARTESIAN_POINT('',(44.125,6.805,13.));
#3019=CARTESIAN_POINT('Origin',(44.125,7.30499999999999,13.));
#3020=CARTESIAN_POINT('',(44.125,6.805,13.));
#3021=CARTESIAN_POINT('Origin',(57.125,6.805,13.));
#3022=CARTESIAN_POINT('',(57.125,6.805,13.));
#3023=CARTESIAN_POINT('',(44.125,6.805,13.));
#3024=CARTESIAN_POINT('',(57.125,6.805,13.));
#3025=CARTESIAN_POINT('Origin',(57.125,7.30499999999999,13.));
#3026=CARTESIAN_POINT('',(57.625,7.30499999999999,13.));
#3027=CARTESIAN_POINT('Origin',(57.125,7.30499999999999,13.));
#3028=CARTESIAN_POINT('',(57.625,7.30499999999999,13.));
#3029=CARTESIAN_POINT('Origin',(57.625,20.305,13.));
#3030=CARTESIAN_POINT('',(57.625,20.305,13.));
#3031=CARTESIAN_POINT('',(57.625,20.305,13.));
#3032=CARTESIAN_POINT('',(57.625,20.305,13.));
#3033=CARTESIAN_POINT('Origin',(57.125,20.305,13.));
#3034=CARTESIAN_POINT('',(57.125,20.805,13.));
#3035=CARTESIAN_POINT('Origin',(57.125,20.305,13.));
#3036=CARTESIAN_POINT('',(57.125,20.805,13.));
#3037=CARTESIAN_POINT('Origin',(44.125,20.805,13.));
#3038=CARTESIAN_POINT('',(44.125,20.805,13.));
#3039=CARTESIAN_POINT('',(44.125,20.805,13.));
#3040=CARTESIAN_POINT('',(44.125,20.805,13.));
#3041=CARTESIAN_POINT('Origin',(44.125,20.305,13.));
#3042=CARTESIAN_POINT('Origin',(44.125,20.305,13.));
#3043=CARTESIAN_POINT('Origin',(24.575,26.355,13.));
#3044=CARTESIAN_POINT('',(24.575,26.355,13.));
#3045=CARTESIAN_POINT('',(24.575,39.355,13.));
#3046=CARTESIAN_POINT('',(24.575,39.355,13.));
#3047=CARTESIAN_POINT('',(24.575,39.355,13.));
#3048=CARTESIAN_POINT('',(24.575,26.355,13.));
#3049=CARTESIAN_POINT('Origin',(25.075,26.355,13.));
#3050=CARTESIAN_POINT('',(25.075,25.855,13.));
#3051=CARTESIAN_POINT('Origin',(25.075,26.355,13.));
#3052=CARTESIAN_POINT('',(25.075,25.855,13.));
#3053=CARTESIAN_POINT('Origin',(38.075,25.855,13.));
#3054=CARTESIAN_POINT('',(38.075,25.855,13.));
#3055=CARTESIAN_POINT('',(25.075,25.855,13.));
#3056=CARTESIAN_POINT('',(38.075,25.855,13.));
#3057=CARTESIAN_POINT('Origin',(38.075,26.355,13.));
#3058=CARTESIAN_POINT('',(38.575,26.355,13.));
#3059=CARTESIAN_POINT('Origin',(38.075,26.355,13.));
#3060=CARTESIAN_POINT('',(38.575,26.355,13.));
#3061=CARTESIAN_POINT('Origin',(38.575,39.355,13.));
#3062=CARTESIAN_POINT('',(38.575,39.355,13.));
#3063=CARTESIAN_POINT('',(38.575,39.355,13.));
#3064=CARTESIAN_POINT('',(38.575,39.355,13.));
#3065=CARTESIAN_POINT('Origin',(38.075,39.355,13.));
#3066=CARTESIAN_POINT('',(38.075,39.855,13.));
#3067=CARTESIAN_POINT('Origin',(38.075,39.355,13.));
#3068=CARTESIAN_POINT('',(38.075,39.855,13.));
#3069=CARTESIAN_POINT('Origin',(25.075,39.855,13.));
#3070=CARTESIAN_POINT('',(25.075,39.855,13.));
#3071=CARTESIAN_POINT('',(25.075,39.855,13.));
#3072=CARTESIAN_POINT('',(25.075,39.855,13.));
#3073=CARTESIAN_POINT('Origin',(25.075,39.355,13.));
#3074=CARTESIAN_POINT('Origin',(25.075,39.355,13.));
#3075=CARTESIAN_POINT('Origin',(5.525,7.30499999999999,13.));
#3076=CARTESIAN_POINT('',(5.525,7.30499999999999,13.));
#3077=CARTESIAN_POINT('',(5.525,20.305,13.));
#3078=CARTESIAN_POINT('',(5.525,20.305,13.));
#3079=CARTESIAN_POINT('',(5.525,20.305,13.));
#3080=CARTESIAN_POINT('',(5.525,7.30499999999999,13.));
#3081=CARTESIAN_POINT('Origin',(6.025,7.30499999999999,13.));
#3082=CARTESIAN_POINT('',(6.025,6.80499999999999,13.));
#3083=CARTESIAN_POINT('Origin',(6.025,7.30499999999999,13.));
#3084=CARTESIAN_POINT('',(6.025,6.80499999999999,13.));
#3085=CARTESIAN_POINT('Origin',(19.025,6.805,13.));
#3086=CARTESIAN_POINT('',(19.025,6.805,13.));
#3087=CARTESIAN_POINT('',(6.025,6.805,13.));
#3088=CARTESIAN_POINT('',(19.025,6.805,13.));
#3089=CARTESIAN_POINT('Origin',(19.025,7.30499999999999,13.));
#3090=CARTESIAN_POINT('',(19.525,7.30499999999999,13.));
#3091=CARTESIAN_POINT('Origin',(19.025,7.30499999999999,13.));
#3092=CARTESIAN_POINT('',(19.525,7.30499999999999,13.));
#3093=CARTESIAN_POINT('Origin',(19.525,20.305,13.));
#3094=CARTESIAN_POINT('',(19.525,20.305,13.));
#3095=CARTESIAN_POINT('',(19.525,20.305,13.));
#3096=CARTESIAN_POINT('',(19.525,20.305,13.));
#3097=CARTESIAN_POINT('Origin',(19.025,20.305,13.));
#3098=CARTESIAN_POINT('',(19.025,20.805,13.));
#3099=CARTESIAN_POINT('Origin',(19.025,20.305,13.));
#3100=CARTESIAN_POINT('',(19.025,20.805,13.));
#3101=CARTESIAN_POINT('Origin',(6.025,20.805,13.));
#3102=CARTESIAN_POINT('',(6.025,20.805,13.));
#3103=CARTESIAN_POINT('',(6.025,20.805,13.));
#3104=CARTESIAN_POINT('',(6.025,20.805,13.));
#3105=CARTESIAN_POINT('Origin',(6.025,20.305,13.));
#3106=CARTESIAN_POINT('Origin',(6.025,20.305,13.));
#3107=CARTESIAN_POINT('Origin',(43.625,45.405,13.));
#3108=CARTESIAN_POINT('',(43.625,45.405,13.));
#3109=CARTESIAN_POINT('',(43.625,58.405,13.));
#3110=CARTESIAN_POINT('',(43.625,58.405,13.));
#3111=CARTESIAN_POINT('',(43.625,58.405,13.));
#3112=CARTESIAN_POINT('',(43.625,45.405,13.));
#3113=CARTESIAN_POINT('Origin',(44.125,45.405,13.));
#3114=CARTESIAN_POINT('',(44.125,44.905,13.));
#3115=CARTESIAN_POINT('Origin',(44.125,45.405,13.));
#3116=CARTESIAN_POINT('',(44.125,44.905,13.));
#3117=CARTESIAN_POINT('Origin',(57.125,44.905,13.));
#3118=CARTESIAN_POINT('',(57.125,44.905,13.));
#3119=CARTESIAN_POINT('',(44.125,44.905,13.));
#3120=CARTESIAN_POINT('',(57.125,44.905,13.));
#3121=CARTESIAN_POINT('Origin',(57.125,45.405,13.));
#3122=CARTESIAN_POINT('',(57.625,45.405,13.));
#3123=CARTESIAN_POINT('Origin',(57.125,45.405,13.));
#3124=CARTESIAN_POINT('',(57.625,45.405,13.));
#3125=CARTESIAN_POINT('Origin',(57.625,58.405,13.));
#3126=CARTESIAN_POINT('',(57.625,58.405,13.));
#3127=CARTESIAN_POINT('',(57.625,58.405,13.));
#3128=CARTESIAN_POINT('',(57.625,58.405,13.));
#3129=CARTESIAN_POINT('Origin',(57.125,58.405,13.));
#3130=CARTESIAN_POINT('',(57.125,58.905,13.));
#3131=CARTESIAN_POINT('Origin',(57.125,58.405,13.));
#3132=CARTESIAN_POINT('',(57.125,58.905,13.));
#3133=CARTESIAN_POINT('Origin',(44.125,58.905,13.));
#3134=CARTESIAN_POINT('',(44.125,58.905,13.));
#3135=CARTESIAN_POINT('',(44.125,58.905,13.));
#3136=CARTESIAN_POINT('',(44.125,58.905,13.));
#3137=CARTESIAN_POINT('Origin',(44.125,58.405,13.));
#3138=CARTESIAN_POINT('Origin',(44.125,58.405,13.));
#3139=CARTESIAN_POINT('Origin',(5.525,26.355,13.));
#3140=CARTESIAN_POINT('',(5.525,26.355,13.));
#3141=CARTESIAN_POINT('',(5.52500000000001,39.355,13.));
#3142=CARTESIAN_POINT('',(5.525,39.355,13.));
#3143=CARTESIAN_POINT('',(5.52500000000001,39.355,13.));
#3144=CARTESIAN_POINT('',(5.525,26.355,13.));
#3145=CARTESIAN_POINT('Origin',(6.025,26.355,13.));
#3146=CARTESIAN_POINT('',(6.025,25.855,13.));
#3147=CARTESIAN_POINT('Origin',(6.025,26.355,13.));
#3148=CARTESIAN_POINT('',(6.025,25.855,13.));
#3149=CARTESIAN_POINT('Origin',(19.025,25.855,13.));
#3150=CARTESIAN_POINT('',(19.025,25.855,13.));
#3151=CARTESIAN_POINT('',(6.025,25.855,13.));
#3152=CARTESIAN_POINT('',(19.025,25.855,13.));
#3153=CARTESIAN_POINT('Origin',(19.025,26.355,13.));
#3154=CARTESIAN_POINT('',(19.525,26.355,13.));
#3155=CARTESIAN_POINT('Origin',(19.025,26.355,13.));
#3156=CARTESIAN_POINT('',(19.525,26.355,13.));
#3157=CARTESIAN_POINT('Origin',(19.525,39.355,13.));
#3158=CARTESIAN_POINT('',(19.525,39.355,13.));
#3159=CARTESIAN_POINT('',(19.525,39.355,13.));
#3160=CARTESIAN_POINT('',(19.525,39.355,13.));
#3161=CARTESIAN_POINT('Origin',(19.025,39.355,13.));
#3162=CARTESIAN_POINT('',(19.025,39.855,13.));
#3163=CARTESIAN_POINT('Origin',(19.025,39.355,13.));
#3164=CARTESIAN_POINT('',(19.025,39.855,13.));
#3165=CARTESIAN_POINT('Origin',(6.025,39.855,13.));
#3166=CARTESIAN_POINT('',(6.025,39.855,13.));
#3167=CARTESIAN_POINT('',(6.025,39.855,13.));
#3168=CARTESIAN_POINT('',(6.025,39.855,13.));
#3169=CARTESIAN_POINT('Origin',(6.025,39.355,13.));
#3170=CARTESIAN_POINT('Origin',(6.025,39.355,13.));
#3171=CARTESIAN_POINT('Origin',(-10.0000001490116,108.899999850988,13.));
#3172=CARTESIAN_POINT('',(-10.0000001490116,108.899999850988,13.));
#3173=CARTESIAN_POINT('',(-10.0000001490116,-10.0000001490116,13.));
#3174=CARTESIAN_POINT('',(-10.0000001490116,108.899999850988,13.));
#3175=CARTESIAN_POINT('',(-10.0000001490116,-10.0000001490116,13.));
#3176=CARTESIAN_POINT('',(-10.0000001490116,108.899999850988,13.));
#3177=CARTESIAN_POINT('Origin',(73.1499998509884,108.899999850988,13.));
#3178=CARTESIAN_POINT('',(73.1499998509884,108.899999850988,13.));
#3179=CARTESIAN_POINT('',(73.1499998509884,108.899999850988,13.));
#3180=CARTESIAN_POINT('',(73.1499998509884,108.899999850988,13.));
#3181=CARTESIAN_POINT('Origin',(73.1499998509884,-10.0000001490116,13.));
#3182=CARTESIAN_POINT('',(73.1499998509884,-10.0000001490116,13.));
#3183=CARTESIAN_POINT('',(73.1499998509884,-10.0000001490116,13.));
#3184=CARTESIAN_POINT('',(73.1499998509884,-10.0000001490116,13.));
#3185=CARTESIAN_POINT('Origin',(-10.0000001490116,-10.0000001490116,13.));
#3186=CARTESIAN_POINT('',(-10.0000001490116,-10.0000001490116,13.));
#3187=CARTESIAN_POINT('Origin',(31.5749998509884,49.4499998509884,13.));
#3188=UNCERTAINTY_MEASURE_WITH_UNIT(LENGTH_MEASURE(0.01),#3192,
'DISTANCE_ACCURACY_VALUE',
'Maximum model space distance between geometric entities at asserted c
onnectivities');
#3189=UNCERTAINTY_MEASURE_WITH_UNIT(LENGTH_MEASURE(0.01),#3192,
'DISTANCE_ACCURACY_VALUE',
'Maximum model space distance between geometric entities at asserted c
onnectivities');
#3190=(
GEOMETRIC_REPRESENTATION_CONTEXT(3)
GLOBAL_UNCERTAINTY_ASSIGNED_CONTEXT((#3188))
GLOBAL_UNIT_ASSIGNED_CONTEXT((#3192,#3194,#3195))
REPRESENTATION_CONTEXT('','3D')
);
#3191=(
GEOMETRIC_REPRESENTATION_CONTEXT(3)
GLOBAL_UNCERTAINTY_ASSIGNED_CONTEXT((#3189))
GLOBAL_UNIT_ASSIGNED_CONTEXT((#3192,#3194,#3195))
REPRESENTATION_CONTEXT('','3D')
);
#3192=(
LENGTH_UNIT()
NAMED_UNIT(*)
SI_UNIT(.MILLI.,.METRE.)
);
#3193=(
LENGTH_UNIT()
NAMED_UNIT(*)
SI_UNIT($,.METRE.)
);
#3194=(
NAMED_UNIT(*)
PLANE_ANGLE_UNIT()
SI_UNIT($,.RADIAN.)
);
#3195=(
NAMED_UNIT(*)
SI_UNIT($,.STERADIAN.)
SOLID_ANGLE_UNIT()
);
#3196=SHAPE_DEFINITION_REPRESENTATION(#3197,#3198);
#3197=PRODUCT_DEFINITION_SHAPE('',$,#3200);
#3198=SHAPE_REPRESENTATION('',(#1924),#3190);
#3199=PRODUCT_DEFINITION_CONTEXT('part definition',#3204,'design');
#3200=PRODUCT_DEFINITION('2026-09-12-20-33-59-199',
'badpad case heavily ai assisted',#3201,#3199);
#3201=PRODUCT_DEFINITION_FORMATION('',$,#3206);
#3202=PRODUCT_RELATED_PRODUCT_CATEGORY(
'badpad case heavily ai assisted','badpad case heavily ai assisted',(#3206));
#3203=APPLICATION_PROTOCOL_DEFINITION('international standard',
'automotive_design',2009,#3204);
#3204=APPLICATION_CONTEXT(
'Core Data for Automotive Mechanical Design Process');
#3205=PRODUCT_CONTEXT('part definition',#3204,'mechanical');
#3206=PRODUCT('2026-09-12-20-33-59-199',
'badpad case heavily ai assisted',$,(#3205));
#3207=PRESENTATION_STYLE_ASSIGNMENT((#3208));
#3208=SURFACE_STYLE_USAGE(.BOTH.,#3209);
#3209=SURFACE_SIDE_STYLE('',(#3210));
#3210=SURFACE_STYLE_FILL_AREA(#3211);
#3211=FILL_AREA_STYLE('Steel - Satin',(#3212));
#3212=FILL_AREA_STYLE_COLOUR('Steel - Satin',#3213);
#3213=COLOUR_RGB('Steel - Satin',0.627450980392157,0.627450980392157,0.627450980392157);
ENDSEC;
END-ISO-10303-21;
